director,database frequency,idf
Steven Spielberg,26,5.1887
Woody Allen,22,5.3557
Martin Scorsese,20,5.4510
Clint Eastwood,20,5.4510
Spike Lee,16,5.6742
Ridley Scott,16,5.6742
Steven Soderbergh,15,5.7387
Renny Harlin,15,5.7387
Tim Burton,14,5.8077
Oliver Stone,14,5.8077
Ron Howard,13,5.8818
Robert Zemeckis,13,5.8818
Robert Rodriguez,13,5.8818
Joel Schumacher,13,5.8818
Barry Levinson,13,5.8818
Tony Scott,12,5.9619
Michael Bay,12,5.9619
Kevin Smith,12,5.9619
Brian De Palma,12,5.9619
Shawn Levy,11,6.0489
Sam Raimi,11,6.0489
Rob Reiner,11,6.0489
Richard Linklater,11,6.0489
Richard Donner,11,6.0489
Francis Ford Coppola,11,6.0489
Chris Columbus,11,6.0489
Wes Craven,10,6.1442
Stephen Frears,10,6.1442
Paul W.S. Anderson,10,6.1442
John McTiernan,10,6.1442
John Carpenter,10,6.1442
David Fincher,10,6.1442
Bobby Farrelly,10,6.1442
Tyler Perry,9,6.2495
Rob Cohen,9,6.2495
Phillip Noyce,9,6.2495
Peter Jackson,9,6.2495
M. Night Shyamalan,9,6.2495
Lasse Hallström,9,6.2495
Dennis Dugan,9,6.2495
Brett Ratner,9,6.2495
Stephen Herek,8,6.3673
Simon West,8,6.3673
Roland Emmerich,8,6.3673
Quentin Tarantino,8,6.3673
Neil Jordan,8,6.3673
Martin Campbell,8,6.3673
Marc Forster,8,6.3673
Jay Roach,8,6.3673
James Mangold,8,6.3673
Ivan Reitman,8,6.3673
Harold Ramis,8,6.3673
George Miller,8,6.3673
Garry Marshall,8,6.3673
F. Gary Gray,8,6.3673
Donald Petrie,8,6.3673
David O. Russell,8,6.3673
David Gordon Green,8,6.3673
Danny Boyle,8,6.3673
Christopher Nolan,8,6.3673
Bryan Singer,8,6.3673
Antoine Fuqua,8,6.3673
Ang Lee,8,6.3673
Alfred Hitchcock,8,6.3673
Adam Shankman,8,6.3673
Zack Snyder,7,6.5009
Wolfgang Petersen,7,6.5009
Wes Anderson,7,6.5009
Tom Shadyac,7,6.5009
Todd Phillips,7,6.5009
Terry Gilliam,7,6.5009
Sam Mendes,7,6.5009
Roger Donaldson,7,6.5009
Peter Segal,7,6.5009
Paul Greengrass,7,6.5009
Mike Newell,7,6.5009
Malcolm D. Lee,7,6.5009
Kenneth Branagh,7,6.5009
Jon Turteltaub,7,6.5009
John Singleton,7,6.5009
Joe Dante,7,6.5009
James Wan,7,6.5009
James Ivory,7,6.5009
James Cameron,7,6.5009
Guy Ritchie,7,6.5009
Gus Van Sant,7,6.5009
Gore Verbinski,7,6.5009
Frank Oz,7,6.5009
Frank Coraci,7,6.5009
Ethan Coen,7,6.5009
Edward Zwick,7,6.5009
Doug Liman,7,6.5009
David Cronenberg,7,6.5009
Barry Sonnenfeld,7,6.5009
Yimou Zhang,6,6.6550
William Friedkin,6,6.6550
Tim Story,6,6.6550
Taylor Hackford,6,6.6550
Stephen Hopkins,6,6.6550
Stanley Kubrick,6,6.6550
Sidney Lumet,6,6.6550
Roman Polanski,6,6.6550
Robert Schwentke,6,6.6550
Robert Luketic,6,6.6550
Raja Gosnell,6,6.6550
Peter Hyams,6,6.6550
Peter Berg,6,6.6550
Paul Weitz,6,6.6550
Paul Thomas Anderson,6,6.6550
Paul Schrader,6,6.6550
Mike Nichols,6,6.6550
Michael Moore,6,6.6550
Michael Mann,6,6.6550
Michael Apted,6,6.6550
Mel Brooks,6,6.6550
McG,6,6.6550
Mark Waters,6,6.6550
Louis Leterrier,6,6.6550
Lana Wachowski,6,6.6550
Jon Favreau,6,6.6550
John Woo,6,6.6550
Joe Wright,6,6.6550
Jaume Collet-Serra,6,6.6550
Guy Hamilton,6,6.6550
George A. Romero,6,6.6550
Gary Fleder,6,6.6550
David Ayer,6,6.6550
Darren Aronofsky,6,6.6550
Curtis Hanson,6,6.6550
Chuck Russell,6,6.6550
Catherine Hardwicke,6,6.6550
Cameron Crowe,6,6.6550
Brian Robbins,6,6.6550
Brian Levant,6,6.6550
Atom Egoyan,6,6.6550
Andy Tennant,6,6.6550
Andy Fickman,6,6.6550
Alejandro G. Iñárritu,6,6.6550
Adam McKay,6,6.6550
Wayne Wang,5,6.8373
Uwe Boll,5,6.8373
Tom Tykwer,5,6.8373
Tobe Hooper,5,6.8373
Tim Hill,5,6.8373
Sydney Pollack,5,6.8373
Steve Miner,5,6.8373
Stephen Daldry,5,6.8373
Scott Hicks,5,6.8373
Rod Lurie,5,6.8373
Robert Redford,5,6.8373
Rob Minkoff,5,6.8373
Rob Marshall,5,6.8373
Richard Lester,5,6.8373
Richard LaGravenese,5,6.8373
Peter Chelsom,5,6.8373
Paul Verhoeven,5,6.8373
Norman Jewison,5,6.8373
Nicole Holofcener,5,6.8373
Nicholas Stoller,5,6.8373
Nancy Meyers,5,6.8373
Mira Nair,5,6.8373
Mike Leigh,5,6.8373
Miguel Arteta,5,6.8373
Michael Winterbottom,5,6.8373
Michael Polish,5,6.8373
Mark Neveldine,5,6.8373
Luc Besson,5,6.8373
Les Mayfield,5,6.8373
Lee Tamahori,5,6.8373
Lawrence Kasdan,5,6.8373
Larry Charles,5,6.8373
Kirk Jones,5,6.8373
Kevin Reynolds,5,6.8373
Kenny Ortega,5,6.8373
Justin Lin,5,6.8373
Judd Apatow,5,6.8373
Jonathan Liebesman,5,6.8373
Jonathan Demme,5,6.8373
Jon M. Chu,5,6.8373
John Whitesell,5,6.8373
John Madden,5,6.8373
John Lasseter,5,6.8373
John Landis,5,6.8373
John Glen,5,6.8373
John Frankenheimer,5,6.8373
Jean-Pierre Jeunet,5,6.8373
Jason Reitman,5,6.8373
Jan de Bont,5,6.8373
Guillermo del Toro,5,6.8373
George Lucas,5,6.8373
George Clooney,5,6.8373
Gavin O'Connor,5,6.8373
Gary Winick,5,6.8373
Fred Zinnemann,5,6.8373
Frank Capra,5,6.8373
Francis Lawrence,5,6.8373
Eric Darnell,5,6.8373
David Zucker,5,6.8373
David R. Ellis,5,6.8373
David Lynch,5,6.8373
David Koepp,5,6.8373
Darren Lynn Bousman,5,6.8373
Chris Weitz,5,6.8373
Brian Helgeland,5,6.8373
Brad Bird,5,6.8373
Brad Anderson,5,6.8373
Bill Condon,5,6.8373
Ben Stiller,5,6.8373
Anne Fletcher,5,6.8373
Andrzej Bartkowiak,5,6.8373
Andrew Niccol,5,6.8373
Andrew Adamson,5,6.8373
Alexander Payne,5,6.8373
Alex Proyas,5,6.8373
Walter Hill,4,7.0605
Walt Becker,4,7.0605
Vincenzo Natali,4,7.0605
Timur Bekmambetov,4,7.0605
Terrence Malick,4,7.0605
Terence Young,4,7.0605
Tarsem Singh,4,7.0605
Steven Brill,4,7.0605
Steve Oedekerk,4,7.0605
Steve Carr,4,7.0605
Stephen Sommers,4,7.0605
Spike Jonze,4,7.0605
Sofia Coppola,4,7.0605
Simon Wincer,4,7.0605
Shane Meadows,4,7.0605
Sergio Leone,4,7.0605
Sean Anders,4,7.0605
Scott Derrickson,4,7.0605
Sam Weisman,4,7.0605
Sam Peckinpah,4,7.0605
Russell Mulcahy,4,7.0605
Ronny Yu,4,7.0605
Ron Shelton,4,7.0605
Roger Spottiswoode,4,7.0605
Rob Zombie,4,7.0605
Rob Bowman,4,7.0605
Rick Famuyiwa,4,7.0605
Richard Fleischer,4,7.0605
Richard Brooks,4,7.0605
Richard Attenborough,4,7.0605
Randall Wallace,4,7.0605
Pierre Morel,4,7.0605
Phil Lord,4,7.0605
Peyton Reed,4,7.0605
Peter Weir,4,7.0605
Peter Howitt,4,7.0605
Peter Hewitt,4,7.0605
Peter Cattaneo,4,7.0605
Penny Marshall,4,7.0605
Paul Feig,4,7.0605
Patrick Lussier,4,7.0605
Oliver Parker,4,7.0605
Nicolas Winding Refn,4,7.0605
Nick Cassavetes,4,7.0605
Neil Burger,4,7.0605
Mike Mitchell,4,7.0605
Mike Judge,4,7.0605
Mikael Håfström,4,7.0605
Michel Gondry,4,7.0605
Michael Caton-Jones,4,7.0605
Matthew Vaughn,4,7.0605
Matt Reeves,4,7.0605
Martin Brest,4,7.0605
Mark L. Lester,4,7.0605
Luke Greenfield,4,7.0605
Ken Kwapis,4,7.0605
Keenen Ivory Wayans,4,7.0605
Jonathan Mostow,4,7.0605
Jonathan Lynn,4,7.0605
Jonathan Levine,4,7.0605
Jonathan Frakes,4,7.0605
Jon Amiel,4,7.0605
John Sayles,4,7.0605
John Moore,4,7.0605
John Lee Hancock,4,7.0605
John Ford,4,7.0605
John Erick Dowdle,4,7.0605
John Dahl,4,7.0605
Joel Coen,4,7.0605
Joe Johnston,4,7.0605
Jeff Tremaine,4,7.0605
Jeff Nichols,4,7.0605
Jean-Jacques Annaud,4,7.0605
Jay Duplass,4,7.0605
Jay Chandrasekhar,4,7.0605
Jaume Balagueró,4,7.0605
Jason Friedberg,4,7.0605
James Wong,4,7.0605
James McTeigue,4,7.0605
James Gray,4,7.0605
Jake Kasdan,4,7.0605
J.J. Abrams,4,7.0605
Irwin Winkler,4,7.0605
Iain Softley,4,7.0605
Hugh Wilson,4,7.0605
Hayao Miyazaki,4,7.0605
Harold Becker,4,7.0605
George Tillman Jr.,4,7.0605
Gavin Hood,4,7.0605
Gabriele Muccino,4,7.0605
Frank Marshall,4,7.0605
Frank Darabont,4,7.0605
Edward Burns,4,7.0605
Edgar Wright,4,7.0605
Dean Parisot,4,7.0605
David Wain,4,7.0605
David Twohy,4,7.0605
David Lean,4,7.0605
David Frankel,4,7.0605
David Dobkin,4,7.0605
David Bowers,4,7.0605
D.J. Caruso,4,7.0605
Craig Gillespie,4,7.0605
Christopher Guest,4,7.0605
Carlos Saldanha,4,7.0605
Burr Steers,4,7.0605
Brad Silberling,4,7.0605
Bob Clark,4,7.0605
Billy Wilder,4,7.0605
Betty Thomas,4,7.0605
Baz Luhrmann,4,7.0605
Anthony Russo,4,7.0605
Andrew Fleming,4,7.0605
Andrew Davis,4,7.0605
Amy Heckerling,4,7.0605
Alfonso Cuarón,4,7.0605
Alexandre Aja,4,7.0605
Alex Kendrick,4,7.0605
Alejandro Amenábar,4,7.0605
Adrian Lyne,4,7.0605
William Brent Bell,3,7.3482
Will Gluck,3,7.3482
Warren Beatty,3,7.3482
Walter Salles,3,7.3482
Victor Salva,3,7.3482
Victor Fleming,3,7.3482
Trey Parker,3,7.3482
Tony Gilroy,3,7.3482
Tom Hooper,3,7.3482
Tom Dey,3,7.3482
Todd Solondz,3,7.3482
Todd Haynes,3,7.3482
Thor Freudenthal,3,7.3482
Thomas Vinterberg,3,7.3482
Thomas Carter,3,7.3482
Steve Pink,3,7.3482
Stephen Kay,3,7.3482
Stephen Chow,3,7.3482
Stefan Ruzowitzky,3,7.3482
Shekhar Kapur,3,7.3482
Shana Feste,3,7.3482
Seth MacFarlane,3,7.3482
Seth Gordon,3,7.3482
Sergey Bodrov,3,7.3482
Scott Cooper,3,7.3482
Ruben Fleischer,3,7.3482
Ron Underwood,3,7.3482
Ron Clements,3,7.3482
Roland Joffé,3,7.3482
Roger Michell,3,7.3482
Roger Kumble,3,7.3482
Robert Wise,3,7.3482
Robert Iscove,3,7.3482
Robert Altman,3,7.3482
Rob Letterman,3,7.3482
Richard Shepard,3,7.3482
Richard Loncraine,3,7.3482
Richard Kelly,3,7.3482
Richard Curtis,3,7.3482
Richard Benjamin,3,7.3482
Reginald Hudlin,3,7.3482
Rawson Marshall Thurber,3,7.3482
Randal Kleiser,3,7.3482
Peter Sollett,3,7.3482
Pete Docter,3,7.3482
Paul McGuigan,3,7.3482
Paul Haggis,3,7.3482
Patricia Riggen,3,7.3482
Olivier Megaton,3,7.3482
Nora Ephron,3,7.3482
Noah Baumbach,3,7.3482
Nimród Antal,3,7.3482
Niki Caro,3,7.3482
Nicholas Hytner,3,7.3482
Neill Blomkamp,3,7.3482
Neil Marshall,3,7.3482
Neil LaBute,3,7.3482
Morgan Spurlock,3,7.3482
Mimi Leder,3,7.3482
Milos Forman,3,7.3482
Mike Binder,3,7.3482
Michael Tiddes,3,7.3482
Michael Schultz,3,7.3482
Michael Ritchie,3,7.3482
Michael Lehmann,3,7.3482
Michael Hoffman,3,7.3482
Michael Haneke,3,7.3482
Michael Curtiz,3,7.3482
Mel Gibson,3,7.3482
Mark Dindal,3,7.3482
Marc Webb,3,7.3482
Marc Lawrence,3,7.3482
Lewis Gilbert,3,7.3482
Leonard Nimoy,3,7.3482
Len Wiseman,3,7.3482
Lars von Trier,3,7.3482
King Vidor,3,7.3482
Kimberly Peirce,3,7.3482
Kevin Rodney Sullivan,3,7.3482
Kevin Macdonald,3,7.3482
Kevin Costner,3,7.3482
Kelly Reichardt,3,7.3482
Kathryn Bigelow,3,7.3482
Kasi Lemmons,3,7.3482
Kar-Wai Wong,3,7.3482
Julie Taymor,3,7.3482
Joss Whedon,3,7.3482
Jonathan Glazer,3,7.3482
Jon Knautz,3,7.3482
Jon Gunn,3,7.3482
Jon Avnet,3,7.3482
John Waters,3,7.3482
John Stockwell,3,7.3482
John Schultz,3,7.3482
John Schlesinger,3,7.3482
John Pasquin,3,7.3482
John Milius,3,7.3482
John Hillcoat,3,7.3482
John Hamburg,3,7.3482
John Cameron Mitchell,3,7.3482
John Boorman,3,7.3482
Joe Nussbaum,3,7.3482
Joe Carnahan,3,7.3482
Jodie Foster,3,7.3482
Jim Sheridan,3,7.3482
Jesse Dylan,3,7.3482
Jerry Zucker,3,7.3482
Jeff Wadlow,3,7.3482
Jean-Marie Poiré,3,7.3482
Jean-Marc Vallée,3,7.3482
Jay Russell,3,7.3482
Jared Hess,3,7.3482
Jane Campion,3,7.3482
James L. Brooks,3,7.3482
James Gunn,3,7.3482
James Foley,3,7.3482
James DeMonaco,3,7.3482
James Cox,3,7.3482
James Bobin,3,7.3482
James Algar,3,7.3482
J.C. Chandor,3,7.3482
Howard Deutch,3,7.3482
Henry Joost,3,7.3482
Gurinder Chadha,3,7.3482
Gregory Hoblit,3,7.3482
Greg Mottola,3,7.3482
Glenn Ficarra,3,7.3482
Gina Prince-Bythewood,3,7.3482
George Sidney,3,7.3482
George P. Cosmatos,3,7.3482
Gary Ross,3,7.3482
Franklin J. Schaffner,3,7.3482
Frank Miller,3,7.3482
Fernando Meirelles,3,7.3482
Elia Kazan,3,7.3482
Eli Roth,3,7.3482
Duncan Jones,3,7.3482
Douglas McGrath,3,7.3482
Don Coscarelli,3,7.3482
Don Bluth,3,7.3482
Dominic Sena,3,7.3482
Dennie Gordon,3,7.3482
Denis Villeneuve,3,7.3482
Dean DeBlois,3,7.3482
Davis Guggenheim,3,7.3482
David Yates,3,7.3482
David Slade,3,7.3482
David Raynr,3,7.3482
Danny DeVito,3,7.3482
Daniel Espinosa,3,7.3482
Christopher McQuarrie,3,7.3482
Chris Wedge,3,7.3482
Chris Rock,3,7.3482
Charles Martin Smith,3,7.3482
Charles Herman-Wurmfeld,3,7.3482
Chan-wook Park,3,7.3482
Carl Franklin,3,7.3482
Bruce Beresford,3,7.3482
Breck Eisner,3,7.3482
Brad Peyton,3,7.3482
Boaz Yakin,3,7.3482
Bille Woodruff,3,7.3482
Bibo Bergeron,3,7.3482
Barbra Streisand,3,7.3482
Baltasar Kormákur,3,7.3482
Anton Corbijn,3,7.3482
Anthony Minghella,3,7.3482
Angelina Jolie Pitt,3,7.3482
Andrew Stanton,3,7.3482
Anand Tucker,3,7.3482
Albert Hughes,3,7.3482
Alan Parker,3,7.3482
Zal Batmanglij,2,7.7536
Zach Braff,2,7.7536
Yash Chopra,2,7.7536
Xavier Gens,2,7.7536
William Malone,2,7.7536
William Kaufman,2,7.7536
Will Finn,2,7.7536
Whit Stillman,2,7.7536
Wes Ball,2,7.7536
Werner Herzog,2,7.7536
Wayne Kramer,2,7.7536
Walter Lang,2,7.7536
Vincent Gallo,2,7.7536
Victor Nunez,2,7.7536
Vic Sarin,2,7.7536
Vadim Perelman,2,7.7536
Uli Edel,2,7.7536
Troy Duffy,2,7.7536
Travis Legge,2,7.7536
Tony Richardson,2,7.7536
Tony Kaye,2,7.7536
Tony Goldwyn,2,7.7536
Tommy Wirkola,2,7.7536
Tommy O'Haver,2,7.7536
Tommy Lee Jones,2,7.7536
Tom Vaughan,2,7.7536
Tom McCarthy,2,7.7536
Tom Holland,2,7.7536
Tom Hanks,2,7.7536
Todd Graff,2,7.7536
Todd Field,2,7.7536
Tim Robbins,2,7.7536
Tim McCanlies,2,7.7536
Tim Johnson,2,7.7536
Ti West,2,7.7536
Thomas Bezucha,2,7.7536
Terry Zwigoff,2,7.7536
Teddy Chan,2,7.7536
Ted Post,2,7.7536
Tate Taylor,2,7.7536
Tamra Davis,2,7.7536
Tamara Jenkins,2,7.7536
Takashi Shimizu,2,7.7536
Sylvester Stallone,2,7.7536
Sylvain White,2,7.7536
Susanna White,2,7.7536
Stuart Gordon,2,7.7536
Stuart Baird,2,7.7536
Stewart Raffill,2,7.7536
Steven Zaillian,2,7.7536
Steven Shainberg,2,7.7536
Steven Quale,2,7.7536
Steve Rash,2,7.7536
Steve McQueen,2,7.7536
Steve Martino,2,7.7536
Steve James,2,7.7536
Steve Buscemi,2,7.7536
Steve Boyum,2,7.7536
Steve Beck,2,7.7536
Stephen Norrington,2,7.7536
Stephen Gaghan,2,7.7536
Stephan Elliott,2,7.7536
Stanley Kramer,2,7.7536
Stacy Peralta,2,7.7536
Simon Wells,2,7.7536
Simon Curtis,2,7.7536
Sheldon Lettich,2,7.7536
Shari Springer Berman,2,7.7536
Shane Black,2,7.7536
Sean Penn,2,7.7536
Sean McNamara,2,7.7536
Scott Stewart,2,7.7536
Scott Marshall,2,7.7536
Sanaa Hamri,2,7.7536
Sam Taylor-Johnson,2,7.7536
Sam Miller,2,7.7536
Salim Akil,2,7.7536
Ryan Murphy,2,7.7536
Ryan Coogler,2,7.7536
Rupert Wyatt,2,7.7536
Rowdy Herrington,2,7.7536
Rowan Joffe,2,7.7536
Ron Maxwell,2,7.7536
Roger Avary,2,7.7536
Roger Allers,2,7.7536
Rodrigo García,2,7.7536
Rodrigo Cortés,2,7.7536
Robert Harmon,2,7.7536
Robert Greenwald,2,7.7536
Richard Schenkman,2,7.7536
Richard Kwietniowski,2,7.7536
Richard Glatzer,2,7.7536
Richard Eyre,2,7.7536
Rian Johnson,2,7.7536
Randall Miller,2,7.7536
Rachel Talalay,2,7.7536
Preston A. Whitmore II,2,7.7536
Pierre Coffin,2,7.7536
Phyllida Lloyd,2,7.7536
Philip Kaufman,2,7.7536
Phil Joanou,2,7.7536
Peter Webber,2,7.7536
Peter Lord,2,7.7536
Peter Hedges,2,7.7536
Pete Travis,2,7.7536
Pawel Pawlikowski,2,7.7536
Paul Gross,2,7.7536
Paul Andrew Williams,2,7.7536
Patrick Stettner,2,7.7536
Patrick Read Johnson,2,7.7536
Oren Peli,2,7.7536
Olivier Assayas,2,7.7536
Oliver Hirschbiegel,2,7.7536
Ol Parker,2,7.7536
Nigel Cole,2,7.7536
Nick Love,2,7.7536
Nicholas Meyer,2,7.7536
Nelson McCormick,2,7.7536
Morten Tyldum,2,7.7536
Morgan J. Freeman,2,7.7536
Mike Nawrocki,2,7.7536
Mike Mills,2,7.7536
Mike Flanagan,2,7.7536
Mike Figgis,2,7.7536
Mike Cahill,2,7.7536
Mick Jackson,2,7.7536
Michael Tollin,2,7.7536
Michael Rymer,2,7.7536
Michael Radford,2,7.7536
Michael O. Sajbel,2,7.7536
Michael Mayer,2,7.7536
Michael Lembeck,2,7.7536
Michael Landon Jr.,2,7.7536
Michael Herz,2,7.7536
Michael Dowse,2,7.7536
Michael Cuesta,2,7.7536
Michael Corrente,2,7.7536
Michael Cimino,2,7.7536
Matty Rich,2,7.7536
Mathieu Kassovitz,2,7.7536
Mary Lambert,2,7.7536
Martin Ritt,2,7.7536
Martin McDonagh,2,7.7536
Mark Steven Johnson,2,7.7536
Mark Rosman,2,7.7536
Mark Romanek,2,7.7536
Mark Pellington,2,7.7536
Mark Osborne,2,7.7536
Mark Herman,2,7.7536
Mario Van Peebles,2,7.7536
Marcus Raboy,2,7.7536
Marco Kreuzpaintner,2,7.7536
Lynne Ramsay,2,7.7536
Luis Mandoki,2,7.7536
Luis Llosa,2,7.7536
Lone Scherfig,2,7.7536
Leslie Small,2,7.7536
Lee Toland Krieger,2,7.7536
Lee Daniels,2,7.7536
Lawrence Guterman,2,7.7536
Laurent Tirard,2,7.7536
Larry Clark,2,7.7536
Kurt Wimmer,2,7.7536
Kurt Hale,2,7.7536
Kirk De Micco,2,7.7536
Kevin Tancharoen,2,7.7536
Kevin Spacey,2,7.7536
Kevin Munroe,2,7.7536
Kevin Lima,2,7.7536
Kevin Greutert,2,7.7536
Kevin Bray,2,7.7536
Kevin Allen,2,7.7536
Kenneth Lonergan,2,7.7536
Ken Scott,2,7.7536
Katsuhiro Ôtomo,2,7.7536
Karyn Kusama,2,7.7536
Karen Moncrieff,2,7.7536
Karan Johar,2,7.7536
Justin Chadwick,2,7.7536
Julie Anne Robinson,2,7.7536
Julian Schnabel,2,7.7536
Julian Jarrold,2,7.7536
Julian Gilbey,2,7.7536
Juan José Campanella,2,7.7536
José Padilha,2,7.7536
Josh Trank,2,7.7536
Josh Gordon,2,7.7536
Joseph Zito,2,7.7536
Joseph Kosinski,2,7.7536
Joseph Kahn,2,7.7536
Joon-ho Bong,2,7.7536
Jonas Åkerlund,2,7.7536
Jon Lucas,2,7.7536
Jon Hurwitz,2,7.7536
John Wells,2,7.7536
John Turturro,2,7.7536
John R. Leonetti,2,7.7536
John Polson,2,7.7536
John Luessenhop,2,7.7536
John Huston,2,7.7536
John Herzfeld,2,7.7536
John G. Avildsen,2,7.7536
John Curran,2,7.7536
John Carney,2,7.7536
John A. Davis,2,7.7536
Joel Zwick,2,7.7536
Joe Swanberg,2,7.7536
Joe Roth,2,7.7536
Jimmy Hayward,2,7.7536
Jim Gillespie,2,7.7536
Jill Sprecher,2,7.7536
Jessie Nelson,2,7.7536
Jesse Peretz,2,7.7536
Jerry Jameson,2,7.7536
Jeremy Saulnier,2,7.7536
Jee-woon Kim,2,7.7536
Jeb Stuart,2,7.7536
Jeannot Szwarc,2,7.7536
Jean-Paul Rappeneau,2,7.7536
Jean-Luc Godard,2,7.7536
Jamie Blanks,2,7.7536
Jamie Babbit,2,7.7536
James Watkins,2,7.7536
James Toback,2,7.7536
James Marsh,2,7.7536
Jake Schreier,2,7.7536
Jacques Perrin,2,7.7536
Jack Smight,2,7.7536
J.B. Rogers,2,7.7536
J.A. Bayona,2,7.7536
J. Lee Thompson,2,7.7536
Irvin Kershner,2,7.7536
Ira Sachs,2,7.7536
Hyung-rae Shim,2,7.7536
Hugh Hudson,2,7.7536
Howard Zieff,2,7.7536
Henry Selick,2,7.7536
Harry Elfont,2,7.7536
Harald Zwart,2,7.7536
Hao Ning,2,7.7536
Guillaume Canet,2,7.7536
Griffin Dunne,2,7.7536
Gregor Jordan,2,7.7536
Greg Harrison,2,7.7536
Glen Morgan,2,7.7536
Gillian Armstrong,2,7.7536
Gil Kenan,2,7.7536
Gil Junger,2,7.7536
George Roy Hill,2,7.7536
George Hickenlooper,2,7.7536
George Gallo,2,7.7536
George Armitage,2,7.7536
Geoffrey Sax,2,7.7536
Genndy Tartakovsky,2,7.7536
Gaspar Noé,2,7.7536
Gary Trousdale,2,7.7536
Frederik Du Chau,2,7.7536
Fred Wolf,2,7.7536
François Ozon,2,7.7536
Florian Henckel von Donnersmarck,2,7.7536
Fenton Bailey,2,7.7536
Evan Goldberg,2,7.7536
Eric Valette,2,7.7536
Eric Bross,2,7.7536
Eric Brevig,2,7.7536
Elizabeth Banks,2,7.7536
Elizabeth Allen Rosenbaum,2,7.7536
Ed Harris,2,7.7536
E. Elias Merhige,2,7.7536
Dwight H. Little,2,7.7536
Douglas Aarniokoski,2,7.7536
Don Michael Paul,2,7.7536
Derek Cianfrance,2,7.7536
Denzel Washington,2,7.7536
Deepa Mehta,2,7.7536
David Schwimmer,2,7.7536
David S. Goyer,2,7.7536
David McNally,2,7.7536
David Mamet,2,7.7536
David Leland,2,7.7536
David Hackl,2,7.7536
David DeCoteau,2,7.7536
Dave Green,2,7.7536
Darren Stein,2,7.7536
Danny Leiner,2,7.7536
Danny Cannon,2,7.7536
Daniel Lee,2,7.7536
Daniel Barnz,2,7.7536
Daisy von Scherler Mayer,2,7.7536
DJ Pooh,2,7.7536
Cédric Klapisch,2,7.7536
Craig R. Baxley,2,7.7536
Craig Moss,2,7.7536
Craig Mazin,2,7.7536
Craig Brewer,2,7.7536
Courtney Solomon,2,7.7536
Costa-Gavras,2,7.7536
Colin Trevorrow,2,7.7536
Colin Strause,2,7.7536
Claude Chabrol,2,7.7536
Clark Johnson,2,7.7536
Clare Kilner,2,7.7536
Christopher Smith,2,7.7536
Christopher Cain,2,7.7536
Christian Duguay,2,7.7536
Christian Alvart,2,7.7536
Chris Stokes,2,7.7536
Chris Noonan,2,7.7536
Chris Miller,2,7.7536
Chris Koch,2,7.7536
Chris Kentis,2,7.7536
Charles Stone III,2,7.7536
Charles Ferguson,2,7.7536
Carroll Ballard,2,7.7536
Carol Reed,2,7.7536
Camille Delamarre,2,7.7536
Callie Khouri,2,7.7536
C. Jay Cox,2,7.7536
Bruce McCulloch,2,7.7536
Brian Trenchard-Smith,2,7.7536
Brian Koppelman,2,7.7536
Brian Gibson,2,7.7536
Brett Leonard,2,7.7536
Brad Furman,2,7.7536
Bob Saget,2,7.7536
Bob Rafelson,2,7.7536
Bob Odenkirk,2,7.7536
Bob Fosse,2,7.7536
Blake Edwards,2,7.7536
Billy Ray,2,7.7536
Billy Bob Thornton,2,7.7536
Bille August,2,7.7536
Bill Paxton,2,7.7536
Bernardo Bertolucci,2,7.7536
Bennett Miller,2,7.7536
Ben Wheatley,2,7.7536
Ben Falcone,2,7.7536
Ben Affleck,2,7.7536
Bart Freundlich,2,7.7536
Barbet Schroeder,2,7.7536
Ariel Vromen,2,7.7536
Anne Fontaine,2,7.7536
Angela Robinson,2,7.7536
Andrey Konchalovskiy,2,7.7536
Andrew Erwin,2,7.7536
Andrew Dominik,2,7.7536
Andrew Bujalski,2,7.7536
Andrew Bergman,2,7.7536
Allison Anders,2,7.7536
Alan Taylor,2,7.7536
Alan J. Pakula,2,7.7536
Akiva Schaffer,2,7.7536
Akira Kurosawa,2,7.7536
Adam Rifkin,2,7.7536
Étienne Faure,1,8.4468
Éric Tessier,1,8.4468
Émile Gaudreault,1,8.4468
Álex de la Iglesia,1,8.4468
Zak Penn,1,8.4468
Zach Cregger,1,8.4468
Youssef Delara,1,8.4468
Yorgos Lanthimos,1,8.4468
Yarrow Cheney,1,8.4468
Xavier Beauvois,1,8.4468
Wych Kaosayananda,1,8.4468
Woo-Suk Kang,1,8.4468
Wolfgang Becker,1,8.4468
Wilson Yip,1,8.4468
William Wyler,1,8.4468
William Shatner,1,8.4468
William Sachs,1,8.4468
William Phillips,1,8.4468
William H. Macy,1,8.4468
William Gazecki,1,8.4468
William Eubank,1,8.4468
William Dear,1,8.4468
William Cottrell,1,8.4468
William Bindley,1,8.4468
William Arntz,1,8.4468
William A. Graham,1,8.4468
William A. Fraker,1,8.4468
Willard Huyck,1,8.4468
Will Canon,1,8.4468
Wil Shriner,1,8.4468
Wayne Thornley,1,8.4468
Wayne Beach,1,8.4468
Warren Sheppard,1,8.4468
Ward Roberts,1,8.4468
Walter Murch,1,8.4468
Wally Pfister,1,8.4468
Wallace Wolodarsky,1,8.4468
Wade Gasque,1,8.4468
W.D. Hogan,1,8.4468
Vondie Curtis-Hall,1,8.4468
Vladlen Barbe,1,8.4468
Vivek Agnihotri,1,8.4468
Vipul Amrutlal Shah,1,8.4468
Vincente Minnelli,1,8.4468
Vincent Ward,1,8.4468
Vincent Paronnaud,1,8.4468
Vicky Jewson,1,8.4468
Vicky Jenson,1,8.4468
Vicente Amorim,1,8.4468
Vic Armstrong,1,8.4468
Vera Farmiga,1,8.4468
Valeri Milev,1,8.4468
Ulu Grosbard,1,8.4468
Udayan Prasad,1,8.4468
Tung-Shing Yee,1,8.4468
Tuck Tucker,1,8.4468
Troy Nixey,1,8.4468
Troy Miller,1,8.4468
Trent Cooper,1,8.4468
Travis Zariwny,1,8.4468
Travis Romero,1,8.4468
Travis Cluff,1,8.4468
Tran Anh Hung,1,8.4468
Tony Maylam,1,8.4468
Tony Krantz,1,8.4468
Tony Jaa,1,8.4468
Tony Giglio,1,8.4468
Tony Bill,1,8.4468
Tony Bancroft,1,8.4468
Tommy Oliver,1,8.4468
Tommy Lee Wallace,1,8.4468
Tomm Moore,1,8.4468
Tomas Alfredson,1,8.4468
Tom Walsh,1,8.4468
Tom Seidman,1,8.4468
Tom Schulman,1,8.4468
Tom Reeve,1,8.4468
Tom Putnam,1,8.4468
Tom McLoughlin,1,8.4468
Tom McGrath,1,8.4468
Tom Kalin,1,8.4468
Tom Green,1,8.4468
Tom Gormican,1,8.4468
Tom Ford,1,8.4468
Tom Elkins,1,8.4468
Tom DiCillo,1,8.4468
Tom Brady,1,8.4468
Todd Strauss-Schulson,1,8.4468
Todd Lincoln,1,8.4468
Tod Williams,1,8.4468
Tina Gordon Chism,1,8.4468
Timothy Björklund,1,8.4468
Tim Miller,1,8.4468
Tim Hunter,1,8.4468
Tim Heidecker,1,8.4468
Tim Fywell,1,8.4468
Tim Chambers,1,8.4468
Tim Blake Nelson,1,8.4468
Thorbjørn Christoffersen,1,8.4468
Thomas Lilti,1,8.4468
Thomas L. Phillips,1,8.4468
Theodore Witcher,1,8.4468
Theodore Melfi,1,8.4468
Thea Sharrock,1,8.4468
Thaddeus O'Sullivan,1,8.4468
Terry George,1,8.4468
Terence Davies,1,8.4468
Ted Kotcheff,1,8.4468
Ted Demme,1,8.4468
Tay Garnett,1,8.4468
Tara Subkoff,1,8.4468
Tanner Beard,1,8.4468
Takeshi Kitano,1,8.4468
Takashi Yamazaki,1,8.4468
Takao Okawara,1,8.4468
Tadeo Garcia,1,8.4468
Sylvio Tabet,1,8.4468
Sylvain Chomet,1,8.4468
Sut Jhally,1,8.4468
Susanne Bier,1,8.4468
Susan Stroman,1,8.4468
Susan Seidelman,1,8.4468
Sue Corcoran,1,8.4468
Stéphane Aubier,1,8.4468
Stuart Hazeldine,1,8.4468
Stuart Gillard,1,8.4468
Stuart Beattie,1,8.4468
Stiles White,1,8.4468
Stig Bergqvist,1,8.4468
Stewart Hendler,1,8.4468
Steven Seagal,1,8.4468
Steven R. Monroe,1,8.4468
Steven E. de Souza,1,8.4468
Steve Trenbirth,1,8.4468
Steve Taylor,1,8.4468
Steve Hickner,1,8.4468
Steve Gomer,1,8.4468
Steve Carver,1,8.4468
Steve Box,1,8.4468
Steve Bendelack,1,8.4468
Steve Barron,1,8.4468
Steve Antin,1,8.4468
Stevan Mena,1,8.4468
Sterling Van Wagenen,1,8.4468
Stephen Milburn Anderson,1,8.4468
Stephen Kijak,1,8.4468
Stephen J. Anderson,1,8.4468
Stephen Hillenburg,1,8.4468
Stephen Chbosky,1,8.4468
Stephen Carpenter,1,8.4468
Stefen Fangmeier,1,8.4468
Stefan Schwartz,1,8.4468
Stefan C. Schaefer,1,8.4468
Stanton Barrett,1,8.4468
Stanley Tong,1,8.4468
Stanley Donen,1,8.4468
Spencer Susser,1,8.4468
Sol Tryon,1,8.4468
Sngmoo Lee,1,8.4468
Sidney J. Furie,1,8.4468
Siddiq Barmak,1,8.4468
Siddharth Anand,1,8.4468
Shyam Madiraju,1,8.4468
Shona Auerbach,1,8.4468
Shintaro Shimosawa,1,8.4468
Shinji Aramaki,1,8.4468
Shimit Amin,1,8.4468
Sherman Alexie,1,8.4468
Sharron Miller,1,8.4468
Sharon Maguire,1,8.4468
Shane Carruth,1,8.4468
Shane Acker,1,8.4468
Sergey Bondarchuk,1,8.4468
Serdar Akar,1,8.4468
Sean Durkin,1,8.4468
Sean Byrne,1,8.4468
Scott Ziehl,1,8.4468
Scott Waugh,1,8.4468
Scott Walker,1,8.4468
Scott Speer,1,8.4468
Scott Smith,1,8.4468
Scott Mann,1,8.4468
Scott Kalvert,1,8.4468
Scott Frank,1,8.4468
Scott Foley,1,8.4468
Scott Dow,1,8.4468
Scott Alexander,1,8.4468
Scandar Copti,1,8.4468
Saul Dibb,1,8.4468
Sarik Andreasyan,1,8.4468
Sarah Smith,1,8.4468
Sarah Gavron,1,8.4468
Sara Sugarman,1,8.4468
Sanjay Rawal,1,8.4468
Sammo Kam-Bo Hung,1,8.4468
Sam Levinson,1,8.4468
Sam Firstenberg,1,8.4468
Sam Fell,1,8.4468
Salvador Carrasco,1,8.4468
Sally Potter,1,8.4468
Sajid Khan,1,8.4468
Sai Varadan,1,8.4468
Sadyk Sher-Niyaz,1,8.4468
S.S. Rajamouli,1,8.4468
S.R. Bindler,1,8.4468
Ryûhei Kitamura,1,8.4468
Ryan Smith,1,8.4468
Ryan Little,1,8.4468
Ryan Fleck,1,8.4468
Rusty Cundieff,1,8.4468
Russell Holt,1,8.4468
Russell Friedenberg,1,8.4468
Russell Crowe,1,8.4468
Russ Meyer,1,8.4468
Rupert Wainwright,1,8.4468
Rupert Sanders,1,8.4468
Ruggero Deodato,1,8.4468
Ruairi Robinson,1,8.4468
Ronan Chapalain,1,8.4468
Ronald Neame,1,8.4468
Ron Fricke,1,8.4468
Roland Suso Richter,1,8.4468
Rohit Jagessar,1,8.4468
Rohan Sippy,1,8.4468
Roger Vadim,1,8.4468
Roger Nygard,1,8.4468
Roger Christian,1,8.4468
Rodman Flender,1,8.4468
Robinson Devor,1,8.4468
Robin Budd,1,8.4468
Robert Townsend,1,8.4468
Robert Towne,1,8.4468
Robert Stromberg,1,8.4468
Robert Stevenson,1,8.4468
Robert Sarkies,1,8.4468
Robert Rossen,1,8.4468
Robert Mulligan,1,8.4468
Robert Moresco,1,8.4468
Robert Marcarelli,1,8.4468
Robert Lorenz,1,8.4468
Robert Lee King,1,8.4468
Robert Kenner,1,8.4468
Robert Heath,1,8.4468
Robert Hall,1,8.4468
Robert Eggers,1,8.4468
Robert Duvall,1,8.4468
Robert D. Webb,1,8.4468
Robert Cary,1,8.4468
Robert C. Cooper,1,8.4468
Robert Butler,1,8.4468
Robert Bennett,1,8.4468
Robert Ben Garant,1,8.4468
Robert B. Weide,1,8.4468
Robby Henson,1,8.4468
Rob Schmidt,1,8.4468
Rob Pritts,1,8.4468
Rob McKittrick,1,8.4468
Rob Hedden,1,8.4468
Ritesh Batra,1,8.4468
Rita Merson,1,8.4468
Risa Bramon Garcia,1,8.4468
Ringo Lam,1,8.4468
Ricky Gervais,1,8.4468
Ricki Stern,1,8.4468
Rick de Oliveira,1,8.4468
Rick Rosenthal,1,8.4468
Rick Friedberg,1,8.4468
Rick Bieber,1,8.4468
Richard Williams,1,8.4468
Richard Wallace,1,8.4468
Richard Rich,1,8.4468
Richard Raymond,1,8.4468
Richard Marquand,1,8.4468
Richard J. Lewis,1,8.4468
Richard E. Grant,1,8.4468
Richard Dutcher,1,8.4468
Richard Boddington,1,8.4468
Richard Ayoade,1,8.4468
Rich Moore,1,8.4468
Rich Cowan,1,8.4468
Rich Christiano,1,8.4468
Ric Roman Waugh,1,8.4468
René Féret,1,8.4468
Reinhard Klooss,1,8.4468
Regardt van den Bergh,1,8.4468
Reed Cowan,1,8.4468
Rebecca Miller,1,8.4468
Raymond De Felitta,1,8.4468
Ray Lawrence,1,8.4468
Randy Moore,1,8.4468
Randall Rubin,1,8.4468
Rand Ravich,1,8.4468
Ramaa Mosley,1,8.4468
Ralph Ziman,1,8.4468
Ralph Nelson,1,8.4468
Ralph Fiennes,1,8.4468
Rakeysh Omprakash Mehra,1,8.4468
Rakesh Roshan,1,8.4468
Rajkumar Hirani,1,8.4468
Raja Menon,1,8.4468
Rachel Perkins,1,8.4468
Rachel Goldenberg,1,8.4468
RZA,1,8.4468
R.J. Cutler,1,8.4468
R. Balki,1,8.4468
Quentin Dupieux,1,8.4468
Qasim Basir,1,8.4468
Prachya Pinkaew,1,8.4468
Pou-Soi Cheang,1,8.4468
Piyush Dinker Pandya,1,8.4468
Pitof,1,8.4468
Philip Zlotorynski,1,8.4468
Philip Saville,1,8.4468
Philip G. Atwell,1,8.4468
Phil Traill,1,8.4468
Phil Morrison,1,8.4468
Phil Claydon,1,8.4468
Phil Alden Robinson,1,8.4468
Petter Næss,1,8.4468
Peter Yates,1,8.4468
Peter Stebbings,1,8.4468
Peter Sohn,1,8.4468
Peter Ramsey,1,8.4468
Peter R. Hunt,1,8.4468
Peter Medak,1,8.4468
Peter MacDonald,1,8.4468
Peter M. Cohen,1,8.4468
Peter Lepeniotis,1,8.4468
Peter Landesman,1,8.4468
Peter Kosminsky,1,8.4468
Peter Kassovitz,1,8.4468
Peter Ho-Sun Chan,1,8.4468
Peter Hastings,1,8.4468
Peter H. Hunt,1,8.4468
Peter Flinth,1,8.4468
Peter Farrelly,1,8.4468
Peter Faiman,1,8.4468
Peter DeLuise,1,8.4468
Peter Cousens,1,8.4468
Peter Care,1,8.4468
Peter Billingsley,1,8.4468
Peter Atencio,1,8.4468
Pete Jones,1,8.4468
Perry Lang,1,8.4468
Perry Andelin Blake,1,8.4468
Penelope Spheeris,1,8.4468
Pedro Almodóvar,1,8.4468
Pece Dingo,1,8.4468
Paul Weiland,1,8.4468
Paul Tibbitt,1,8.4468
Paul Michael Glaser,1,8.4468
Paul Mazursky,1,8.4468
Paul King,1,8.4468
Paul Hunter,1,8.4468
Paul Fox,1,8.4468
Paul Fierlinger,1,8.4468
Paul Donovan,1,8.4468
Paul Crowder,1,8.4468
Paul Bunnell,1,8.4468
Paul Bolger,1,8.4468
Paul Bartel,1,8.4468
Paul Abascal,1,8.4468
Patty Jenkins,1,8.4468
Patrick Tatopoulos,1,8.4468
Patrick Ryan Sims,1,8.4468
Patrick Meaney,1,8.4468
Patrick Hughes,1,8.4468
Patrick Gilmore,1,8.4468
Patrick Creadon,1,8.4468
Patricia Rozema,1,8.4468
Patricia Cardoso,1,8.4468
Patrice Leconte,1,8.4468
Pat O'Connor,1,8.4468
Pat Holden,1,8.4468
Pascal Chaumeil,1,8.4468
Pascal Arnold,1,8.4468
Paolo Sorrentino,1,8.4468
Paolo Monico,1,8.4468
Panos Cosmatos,1,8.4468
Pan Nalin,1,8.4468
P.J. Hogan,1,8.4468
Ossie Davis,1,8.4468
Orson Welles,1,8.4468
Oren Moverman,1,8.4468
Olivier Dahan,1,8.4468
Oliver Blackburn,1,8.4468
Oleg Stepchenko,1,8.4468
Ole Christian Madsen,1,8.4468
Ole Bornedal,1,8.4468
Olatunde Osunsanmi,1,8.4468
Norman Ferguson,1,8.4468
Noel Marshall,1,8.4468
Noam Murro,1,8.4468
Noah Buschel,1,8.4468
Nnegest Likké,1,8.4468
Nima Nourizadeh,1,8.4468
Nils Gaup,1,8.4468
Niels Arden Oplev,1,8.4468
Nickolas Perry,1,8.4468
Nick Tomnay,1,8.4468
Nick Murphy,1,8.4468
Nick Hurran,1,8.4468
Nick Hamm,1,8.4468
Nick Gomez,1,8.4468
Nicholaus Goossen,1,8.4468
Nicholas Ray,1,8.4468
Nicholas Jarecki,1,8.4468
Nicholas Fackler,1,8.4468
Niall Johnson,1,8.4468
Newt Arnold,1,8.4468
Neill Dela Llana,1,8.4468
Neil Mcenery-West,1,8.4468
Neema Barnette,1,8.4468
Neal Brennan,1,8.4468
Nathan Smith Jones,1,8.4468
Nathan Greno,1,8.4468
Nathan Frankowski,1,8.4468
Nat Faxon,1,8.4468
Nanette Burstein,1,8.4468
Nancy Walker,1,8.4468
Nadine Labaki,1,8.4468
Nadia Tass,1,8.4468
Nacho Vigalondo,1,8.4468
Måns Mårlind,1,8.4468
Myles Berkowitz,1,8.4468
Moustapha Akkad,1,8.4468
Mort Nathan,1,8.4468
Morgan Neville,1,8.4468
Mora Stephens,1,8.4468
Monte Hellman,1,8.4468
Mona Fastvold,1,8.4468
Molly Bernstein,1,8.4468
Mitchell Lichtenstein,1,8.4468
Mitch Davis,1,8.4468
Miranda July,1,8.4468
Mikel Rueda,1,8.4468
Mike van Diem,1,8.4468
Mike McCoy,1,8.4468
Mike Marvin,1,8.4468
Mike Hodges,1,8.4468
Mike Gabriel,1,8.4468
Mike Disa,1,8.4468
Mike Bigelow,1,8.4468
Mike Barker,1,8.4468
Mikael Salomon,1,8.4468
Miguel Sapochnik,1,8.4468
Mickey Liddell,1,8.4468
Michel Orion Scott,1,8.4468
Michel Leclerc,1,8.4468
Michel Hazanavicius,1,8.4468
Michael Winnick,1,8.4468
Michael Winner,1,8.4468
Michael Wadleigh,1,8.4468
Michael Sucsy,1,8.4468
Michael Spierig,1,8.4468
Michael Roemer,1,8.4468
Michael Pressman,1,8.4468
Michael Patrick King,1,8.4468
Michael Patrick Jann,1,8.4468
Michael Meredith,1,8.4468
Michael McGowan,1,8.4468
Michael McCullers,1,8.4468
Michael Martin,1,8.4468
Michael Kang,1,8.4468
Michael Jai White,1,8.4468
Michael J. Bassett,1,8.4468
Michael Hoffman Jr.,1,8.4468
Michael Gornick,1,8.4468
Michael Dougherty,1,8.4468
Michael Dinner,1,8.4468
Michael D. Sellers,1,8.4468
Michael Cristofer,1,8.4468
Michael Crichton,1,8.4468
Michael Cohn,1,8.4468
Michael Clancy,1,8.4468
Michael Chapman,1,8.4468
Michael Burke,1,8.4468
Michael Anderson,1,8.4468
Mic Rodgers,1,8.4468
Mervyn LeRoy,1,8.4468
Menno Meyjes,1,8.4468
Mennan Yapo,1,8.4468
Melvin Van Peebles,1,8.4468
Melville Shavelson,1,8.4468
Mel Stuart,1,8.4468
Mel Smith,1,8.4468
Meiert Avis,1,8.4468
Maïwenn,1,8.4468
Max Mayer,1,8.4468
Max Joseph,1,8.4468
Max Färberböck,1,8.4468
Maurice Joyce,1,8.4468
Matthew Watts,1,8.4468
Matthew Robbins,1,8.4468
Matthew R. Anderson,1,8.4468
Matthew O'Callaghan,1,8.4468
Matthew Hastings,1,8.4468
Matthew Diamond,1,8.4468
Matthew Bright,1,8.4468
Matt Williams,1,8.4468
Matt Piedmont,1,8.4468
Matt Maiellaro,1,8.4468
Matt Johnson,1,8.4468
Matt Jackson,1,8.4468
Matt Dillon,1,8.4468
Matt Cimber,1,8.4468
Matt Bettinelli-Olpin,1,8.4468
Mathieu Amalric,1,8.4468
Mateo Gil,1,8.4468
Masayuki Ochiai,1,8.4468
Maryam Keshavarz,1,8.4468
Mary McGuckian,1,8.4468
Mary Harron,1,8.4468
Martyn Pick,1,8.4468
Martin Weisz,1,8.4468
Martin Lawrence,1,8.4468
Martin Koolhoven,1,8.4468
Martha Coolidge,1,8.4468
Mars Callahan,1,8.4468
Mark Young,1,8.4468
Mark Tonderai,1,8.4468
Mark Tarlov,1,8.4468
Mark Sandrich,1,8.4468
Mark Rydell,1,8.4468
Mark Piznarski,1,8.4468
Mark Mylod,1,8.4468
Mark Illsley,1,8.4468
Mark Helfrich,1,8.4468
Mark Christopher,1,8.4468
Mark Brown,1,8.4468
Mark Andrews,1,8.4468
Mark A.Z. Dippé,1,8.4468
Marius A. Markevicius,1,8.4468
Marilyn Agrelo,1,8.4468
Mariette Monpierre,1,8.4468
Marielle Heller,1,8.4468
Marianna Palka,1,8.4468
Maria Maggenti,1,8.4468
Marcus Nispel,1,8.4468
Marcus Dunstan,1,8.4468
Marcos Siega,1,8.4468
Marco Schnabel,1,8.4468
Marcio Garcia,1,8.4468
Marc Schölermann,1,8.4468
Marc Levin,1,8.4468
Marc Forby,1,8.4468
Marc F. Adler,1,8.4468
Marc Abraham,1,8.4468
Mamoru Hosoda,1,8.4468
Malcolm Goodwin,1,8.4468
Maksim Fadeev,1,8.4468
Majid Majidi,1,8.4468
Maggie Greenwald,1,8.4468
Maggie Carey,1,8.4468
Mabrouk El Mechri,1,8.4468
Léa Pool,1,8.4468
Lynn Shelton,1,8.4468
Lukas Moodysson,1,8.4468
Luis Valdez,1,8.4468
Lucrecia Martel,1,8.4468
Lucky McKee,1,8.4468
Lucio Fulci,1,8.4468
Lucile Hadzihalilovic,1,8.4468
Luca Guadagnino,1,8.4468
Luc Jacquet,1,8.4468
Lowell Sherman,1,8.4468
Louis Morneau,1,8.4468
Louis C.K.,1,8.4468
Lori Silverbush,1,8.4468
Lori Petty,1,8.4468
Lorene Scafaria,1,8.4468
Lluís Quílez,1,8.4468
Lloyd Kaufman,1,8.4468
Lloyd Bacon,1,8.4468
Liz Friedlander,1,8.4468
Liv Ullmann,1,8.4468
Lisanne Pajot,1,8.4468
Lisa Cholodenko,1,8.4468
Lisa Azuelos,1,8.4468
Lionel C. Martin,1,8.4468
Linda Mendoza,1,8.4468
Liliana Cavani,1,8.4468
Lijun Sun,1,8.4468
Li Zhang,1,8.4468
Lexi Alexander,1,8.4468
Levan Gabriadze,1,8.4468
Leslye Headland,1,8.4468
Leslie H. Martinson,1,8.4468
Leos Carax,1,8.4468
Leonard Farlinger,1,8.4468
Leon Ichaso,1,8.4468
Leon Ford,1,8.4468
Lenny Abrahamson,1,8.4468
Lena Dunham,1,8.4468
Leigh Whannell,1,8.4468
Lee Unkrich,1,8.4468
Lawrence Kasanoff,1,8.4468
Laurie Collyer,1,8.4468
Laurent Cantet,1,8.4468
Laurent Bouhnik,1,8.4468
Laurence Dunmore,1,8.4468
Lauren Lazin,1,8.4468
Laslo Benedek,1,8.4468
Larry Blamire,1,8.4468
Lance Rivera,1,8.4468
Lance Mungia,1,8.4468
Lance McDaniel,1,8.4468
Lance Kawas,1,8.4468
Lance Hool,1,8.4468
Lajos Koltai,1,8.4468
Kyle Balda,1,8.4468
Kurt Voss,1,8.4468
Kunihiko Yuyama,1,8.4468
Kriv Stenders,1,8.4468
Kristin Rizzo,1,8.4468
Kris Isacsson,1,8.4468
Klaus Menzel,1,8.4468
Kiyoshi Kurosawa,1,8.4468
Kirsten Sheridan,1,8.4468
Kirk Wong,1,8.4468
Kinka Usher,1,8.4468
Kimble Rendall,1,8.4468
Kim Farrant,1,8.4468
Kief Davidson,1,8.4468
Khyentse Norbu,1,8.4468
Khalil Sullins,1,8.4468
Khalid Mohamed,1,8.4468
Kevin Tenney,1,8.4468
Kevin Jordan,1,8.4468
Kevin Hooks,1,8.4468
Kevin Hamedani,1,8.4468
Kevin Donovan,1,8.4468
Kevin Carraway,1,8.4468
Kevin Brodie,1,8.4468
Kerry Conran,1,8.4468
Kent Alterman,1,8.4468
Kenneth Johnson,1,8.4468
Ken Shapiro,1,8.4468
Ken Roht,1,8.4468
Ken Loach,1,8.4468
Ken Del Conte,1,8.4468
Ken Annakin,1,8.4468
Kelly Makin,1,8.4468
Kelly Asbury,1,8.4468
Keith Parmer,1,8.4468
Keith Gordon,1,8.4468
Kay Pollak,1,8.4468
Katt Shea,1,8.4468
Katja von Garnier,1,8.4468
Katie Aselton,1,8.4468
Katherine Dieckmann,1,8.4468
Katherine Brooks,1,8.4468
Kate Barker-Froyland,1,8.4468
Kat Coiro,1,8.4468
Karim Aïnouz,1,8.4468
Kari Skogland,1,8.4468
Karey Kirkpatrick,1,8.4468
Kaige Chen,1,8.4468
K. King,1,8.4468
Jérôme Salle,1,8.4468
Jérôme Deschamps,1,8.4468
Justin Zackham,1,8.4468
Justin Molotnikov,1,8.4468
Justin Kerrigan,1,8.4468
Justin Dillon,1,8.4468
Juraj Jakubisko,1,8.4468
Jun Falkenstein,1,8.4468
Julio DePietro,1,8.4468
Julien Temple,1,8.4468
Julie Davis,1,8.4468
Jugal Hansraj,1,8.4468
Juan Carlos Fresnadillo,1,8.4468
José Luis Valenzuela,1,8.4468
Joshua Tickell,1,8.4468
Joshua Seftel,1,8.4468
Joshua Oppenheimer,1,8.4468
Joshua Michael Stern,1,8.4468
Joshua Marston,1,8.4468
Joshua Logan,1,8.4468
Josh Schwartz,1,8.4468
Josh Boone,1,8.4468
Joseph Sargent,1,8.4468
Joseph Ruben,1,8.4468
Joseph L. Mankiewicz,1,8.4468
Joseph Green,1,8.4468
Joseph Gordon-Levitt,1,8.4468
Joseph Dorman,1,8.4468
Josef Rusnak,1,8.4468
Jorma Taccone,1,8.4468
Jorge R. Gutiérrez,1,8.4468
Jorge Gaggero,1,8.4468
Jorge Blanco,1,8.4468
Jonathan Wacks,1,8.4468
Jonathan Teplitzky,1,8.4468
Jonathan Parker,1,8.4468
Jonathan Newman,1,8.4468
Jonathan Kesselman,1,8.4468
Jonathan Kaplan,1,8.4468
Jonathan Jakubowicz,1,8.4468
Jonathan Hensleigh,1,8.4468
Jonathan English,1,8.4468
Jonathan Dayton,1,8.4468
Jonathan Caouette,1,8.4468
Jonas Elmer,1,8.4468
Jon Wright,1,8.4468
Jon Stewart,1,8.4468
Jon Shear,1,8.4468
Jon Poll,1,8.4468
Jon Kasdan,1,8.4468
Jon Hess,1,8.4468
Johnny Remo,1,8.4468
Johnnie To,1,8.4468
John Sturges,1,8.4468
John Stephenson,1,8.4468
John Stainton,1,8.4468
John Simpson,1,8.4468
John Reinhardt,1,8.4468
John Putch,1,8.4468
John Patrick Shanley,1,8.4468
John Ottman,1,8.4468
John Murlowski,1,8.4468
John Michael McDonagh,1,8.4468
John McNaughton,1,8.4468
John Maybury,1,8.4468
John Maclean,1,8.4468
John Laing,1,8.4468
John Lafia,1,8.4468
John Hoffman,1,8.4468
John Gulager,1,8.4468
John Guillermin,1,8.4468
John Gray,1,8.4468
John Gatins,1,8.4468
John Francis Daley,1,8.4468
John Fortenberry,1,8.4468
John Eng,1,8.4468
John Duigan,1,8.4468
John Crowley,1,8.4468
John Cromwell,1,8.4468
John Cornell,1,8.4468
John Carl Buechler,1,8.4468
John Bonito,1,8.4468
John Badham,1,8.4468
John 'Bud' Cardos,1,8.4468
Joey Lauren Adams,1,8.4468
Joel Gallen,1,8.4468
Joel Edgerton,1,8.4468
Joel Anderson,1,8.4468
Joe Pytka,1,8.4468
Joe Kenemore,1,8.4468
Joe Cross,1,8.4468
Joe Cornish,1,8.4468
Joe Charbanic,1,8.4468
Joe Chappelle,1,8.4468
Joe Camp,1,8.4468
Joe Berlinger,1,8.4468
Jody Hill,1,8.4468
Joby Harold,1,8.4468
Joan Chen,1,8.4468
Joachim Rønning,1,8.4468
Jirí Menzel,1,8.4468
Jim Sonzero,1,8.4468
Jim Mickle,1,8.4468
Jim Jarmusch,1,8.4468
Jim Hanon,1,8.4468
Jim Goddard,1,8.4468
Jim Field Smith,1,8.4468
Jim Fall,1,8.4468
Jim Abrahams,1,8.4468
Jez Butterworth,1,8.4468
Jeta Amata,1,8.4468
Jessy Terrero,1,8.4468
Jessica Bendinger,1,8.4468
Jesse Vaughan,1,8.4468
Jerry Zaks,1,8.4468
Jerry Rees,1,8.4468
Jerry Dugan,1,8.4468
Jerry Belson,1,8.4468
Jerome Robbins,1,8.4468
Jerome Elston Scott,1,8.4468
Jeremy Sims,1,8.4468
Jeremy Leven,1,8.4468
Jeremy Brock,1,8.4468
Jennifer Yuh Nelson,1,8.4468
Jennifer Wynne Farmer,1,8.4468
Jennifer Flackett,1,8.4468
Jennifer Finnigan,1,8.4468
Jeffrey W. Byrd,1,8.4468
Jeff Schaffer,1,8.4468
Jeff Nathanson,1,8.4468
Jeff Lowell,1,8.4468
Jeff Kanew,1,8.4468
Jeff Garlin,1,8.4468
Jeff Franklin,1,8.4468
Jeff Crook,1,8.4468
Jeff Burr,1,8.4468
Jean-Jacques Mantello,1,8.4468
Jean-François Richet,1,8.4468
Je-kyu Kang,1,8.4468
Jay Oliva,1,8.4468
Jay Levey,1,8.4468
Jay Alaimo,1,8.4468
Jason Zada,1,8.4468
Jason Trost,1,8.4468
Jason Stone,1,8.4468
Jason Naumann,1,8.4468
Jason Moore,1,8.4468
Jason Miller,1,8.4468
Jason Eisener,1,8.4468
Jason Connery,1,8.4468
Jason Bateman,1,8.4468
Jason Alexander,1,8.4468
Janusz Kaminski,1,8.4468
Jane Clark,1,8.4468
Jamin Winans,1,8.4468
Jamie Travis,1,8.4468
Jamie Thraves,1,8.4468
James Schamus,1,8.4468
James Ponsoldt,1,8.4468
James O'Brien,1,8.4468
James Nunn,1,8.4468
James Mottern,1,8.4468
James Melkonian,1,8.4468
James Mather,1,8.4468
James Manera,1,8.4468
James Kerwin,1,8.4468
James Isaac,1,8.4468
James Gartner,1,8.4468
James Frawley,1,8.4468
James Fargo,1,8.4468
James Dodson,1,8.4468
James David Pasternak,1,8.4468
James Bridges,1,8.4468
James Bidgood,1,8.4468
Jamel Debbouze,1,8.4468
Jamal Hill,1,8.4468
Jamaa Fanaka,1,8.4468
Jake Scott,1,8.4468
Jake Paltrow,1,8.4468
Jake Goldberger,1,8.4468
Jafar Panahi,1,8.4468
Jacob Aaron Estes,1,8.4468
Jackie Earle Haley,1,8.4468
Jack Sholder,1,8.4468
Jack Heller,1,8.4468
Jack Conway,1,8.4468
JK Youn,1,8.4468
J.S. Cardone,1,8.4468
J Blakeson,1,8.4468
Ivan Engler,1,8.4468
István Szabó,1,8.4468
Isabel Coixet,1,8.4468
Isaac Florentine,1,8.4468
Inna Evlannikova,1,8.4468
Ingmar Bergman,1,8.4468
Igor Kovalyov,1,8.4468
Ice Cube,1,8.4468
Ian Sharp,1,8.4468
Ian Iqbal Rashid,1,8.4468
Ian Fitzgibbon,1,8.4468
Hunter Richards,1,8.4468
Hugh Johnson,1,8.4468
Hue Rhodes,1,8.4468
Huck Botko,1,8.4468
Hsiao-Hsien Hou,1,8.4468
Hoyt Yeatman,1,8.4468
Howard Hughes,1,8.4468
Howard Hawks,1,8.4468
Hong-jin Na,1,8.4468
Hitoshi Matsumoto,1,8.4468
Hironobu Sakaguchi,1,8.4468
Hilary Brougher,1,8.4468
Hideo Nakata,1,8.4468
Hideaki Anno,1,8.4468
Herbert Ross,1,8.4468
Herb Freed,1,8.4468
Henry Koster,1,8.4468
Henry King,1,8.4468
Henry Jaglom,1,8.4468
Henry Hobson,1,8.4468
Henry Hathaway,1,8.4468
Henry Bean,1,8.4468
Henry Alex Rubin,1,8.4468
Heidi Ewing,1,8.4468
Hayley Cloake,1,8.4468
Hart Bochner,1,8.4468
Harry F. Millarde,1,8.4468
Harry Beaumont,1,8.4468
Harold Cronk,1,8.4468
Harmony Korine,1,8.4468
Harmage Singh Kalirai,1,8.4468
Harley Cokeliss,1,8.4468
Hark Tsui,1,8.4468
Harald Reinl,1,8.4468
Hans Petter Moland,1,8.4468
Hans Canosa,1,8.4468
Hank Braxtan,1,8.4468
Ham Tran,1,8.4468
Hal Needham,1,8.4468
Hal Haberman,1,8.4468
H.M. Coakley,1,8.4468
Gérard Krawczyk,1,8.4468
Guy Maddin,1,8.4468
Guillaume Ivernel,1,8.4468
Gregory Widen,1,8.4468
Gregory Poirier,1,8.4468
Gregory Nava,1,8.4468
Gregory Jacobs,1,8.4468
Greg Tiernan,1,8.4468
Greg Marcks,1,8.4468
Greg Coolidge,1,8.4468
Greg Berlanti,1,8.4468
Grant Heslov,1,8.4468
Graham Annable,1,8.4468
Gordon Chan,1,8.4468
Goran Dukic,1,8.4468
Gonzalo López-Gallego,1,8.4468
Gnana Rajasekaran,1,8.4468
Giuseppe Tornatore,1,8.4468
Giuliano Montaldo,1,8.4468
Giovanni Zelko,1,8.4468
Gillian Robespierre,1,8.4468
Gilles Paquet-Brenner,1,8.4468
Gideon Raff,1,8.4468
Gia Coppola,1,8.4468
Gerry Lively,1,8.4468
Gerard Johnstone,1,8.4468
Gerald Potterton,1,8.4468
Georgia Hilton,1,8.4468
George Stevens,1,8.4468
George Ratliff,1,8.4468
George Nolfi,1,8.4468
George Jackson,1,8.4468
George Cukor,1,8.4468
Georg Wilhelm Pabst,1,8.4468
Geoff Murphy,1,8.4468
Gene Quintano,1,8.4468
Gavin Wiesen,1,8.4468
Gary Sinyor,1,8.4468
Gary Shore,1,8.4468
Gary Sherman,1,8.4468
Gary Rogers,1,8.4468
Gary Nelson,1,8.4468
Gary McKendry,1,8.4468
Gary Hardwick,1,8.4468
Gary Halvorson,1,8.4468
Gary David Goldberg,1,8.4468
Gary Chapman,1,8.4468
Garth Jennings,1,8.4468
Gareth Evans,1,8.4468
Gareth Edwards,1,8.4468
Gabriela Tagliavini,1,8.4468
Gabor Csupo,1,8.4468
Gabe Ibáñez,1,8.4468
Frédéric Forestier,1,8.4468
Frédéric Auburtin,1,8.4468
Fritz Lang,1,8.4468
Fred Walton,1,8.4468
Fred Schepisi,1,8.4468
Fred Savage,1,8.4468
Fred Durst,1,8.4468
Fred Dekker,1,8.4468
François Truffaut,1,8.4468
François Girard,1,8.4468
Frank Whaley,1,8.4468
Frank Sebastiano,1,8.4468
Frank Perry,1,8.4468
Frank Nissen,1,8.4468
Frank Lotito,1,8.4468
Frank LaLoggia,1,8.4468
Frank Borzage,1,8.4468
Franco Zeffirelli,1,8.4468
Franck Khalfoun,1,8.4468
Francesca Gregorini,1,8.4468
Forest Whitaker,1,8.4468
Floyd Mutrux,1,8.4468
Floria Sigismondi,1,8.4468
Florent-Emilio Siri,1,8.4468
Finn Taylor,1,8.4468
Fina Torres,1,8.4468
Ferzan Ozpetek,1,8.4468
Feroz Abbas Khan,1,8.4468
Fernando León de Aranoa,1,8.4468
Fedor Bondarchuk,1,8.4468
Fede Alvarez,1,8.4468
Fatih Akin,1,8.4468
Fabián Bielinsky,1,8.4468
Eytan Fox,1,8.4468
Eugène Lourié,1,8.4468
Eugenio Derbez,1,8.4468
Ethan Maniquis,1,8.4468
Etan Cohen,1,8.4468
Errol Morris,1,8.4468
Ernie Barbarash,1,8.4468
Ernest R. Dickerson,1,8.4468
Erik White,1,8.4468
Erik Canuel,1,8.4468
Ericson Core,1,8.4468
Eric Styles,1,8.4468
Eric Schaeffer,1,8.4468
Eric Nicholas,1,8.4468
Eric Mendelsohn,1,8.4468
Eric Leighton,1,8.4468
Eric Lartigau,1,8.4468
Eric England,1,8.4468
Eric Eason,1,8.4468
Eric Bugbee,1,8.4468
Eric Bress,1,8.4468
Eric Blakeney,1,8.4468
Emma-Kate Croghan,1,8.4468
Emily Young,1,8.4468
Emily Dell,1,8.4468
Emilio Estevez,1,8.4468
Emile Ardolino,1,8.4468
Ellory Elkayem,1,8.4468
Eli Craig,1,8.4468
Eldar Rapaport,1,8.4468
Elaine May,1,8.4468
Ekachai Uekrongtham,1,8.4468
Efram Potelle,1,8.4468
Edward Norton,1,8.4468
Edward Hall,1,8.4468
Edward Dmytryk,1,8.4468
Eddie O'Flaherty,1,8.4468
Ed Gass-Donnelly,1,8.4468
Ed Decter,1,8.4468
E.L. Katz,1,8.4468
Dylan Bank,1,8.4468
Dustin Hoffman,1,8.4468
Duncan Tucker,1,8.4468
Duke Johnson,1,8.4468
Duane Journey,1,8.4468
Dror Moreh,1,8.4468
Drew Goddard,1,8.4468
Drew Barrymore,1,8.4468
Drake Doremus,1,8.4468
Douglas Trumbull,1,8.4468
Douglas Cheek,1,8.4468
Doug Lefler,1,8.4468
Doug Block,1,8.4468
Doug Atchison,1,8.4468
Don Taylor,1,8.4468
Don Siegel,1,8.4468
Don Scardino,1,8.4468
Don Mancini,1,8.4468
Don Kempf,1,8.4468
Don Hall,1,8.4468
Dominique Othenin-Girard,1,8.4468
Dominic Burns,1,8.4468
Dito Montiel,1,8.4468
Dinesh D'Souza,1,8.4468
Dick Richards,1,8.4468
Diane Keaton,1,8.4468
Diane English,1,8.4468
Dexter Fletcher,1,8.4468
Dewey Nicks,1,8.4468
Des McAnuff,1,8.4468
Deryck Broom,1,8.4468
Derrick Borte,1,8.4468
Deon Taylor,1,8.4468
Denys Arcand,1,8.4468
Dennis Iliadis,1,8.4468
Dennis Hopper,1,8.4468
Dennis Gansel,1,8.4468
Demian Lichtenstein,1,8.4468
Debra Granik,1,8.4468
Deborah Anderson,1,8.4468
Deb Hagan,1,8.4468
Dean Wright,1,8.4468
Dean Israelite,1,8.4468
David Worth,1,8.4468
David Webb Peoples,1,8.4468
David Soren,1,8.4468
David Sington,1,8.4468
David Silverman,1,8.4468
David S. Ward,1,8.4468
David Robert Mitchell,1,8.4468
David Ray,1,8.4468
David Pastor,1,8.4468
David Palmer,1,8.4468
David Oelhoffen,1,8.4468
David Nutter,1,8.4468
David Nixon,1,8.4468
David Moreau,1,8.4468
David Mirkin,1,8.4468
David LaChapelle,1,8.4468
David Kellogg,1,8.4468
David Jacobson,1,8.4468
David Hunt,1,8.4468
David Hewlett,1,8.4468
David Hayter,1,8.4468
David Gelb,1,8.4468
David G. Evans,1,8.4468
David F. Sandberg,1,8.4468
David E. Talbert,1,8.4468
David Duchovny,1,8.4468
David Cross,1,8.4468
David Carson,1,8.4468
David Caffrey,1,8.4468
David Boyd,1,8.4468
David Atkins,1,8.4468
David Anspaugh,1,8.4468
Dave Payne,1,8.4468
Dave Meyers,1,8.4468
Dave McKean,1,8.4468
Dave Borthwick,1,8.4468
Darren Grant,1,8.4468
Darrell Roodt,1,8.4468
Darnell Martin,1,8.4468
Dario Argento,1,8.4468
Darin Scott,1,8.4468
Dany Boon,1,8.4468
Danny Steinmann,1,8.4468
Danny Provenzano,1,8.4468
Danny Pang,1,8.4468
Daniel Taplitz,1,8.4468
Daniel Stamm,1,8.4468
Daniel Schechter,1,8.4468
Daniel Sackheim,1,8.4468
Daniel Petrie Jr.,1,8.4468
Daniel Myrick,1,8.4468
Daniel Davila,1,8.4468
Daniel Barber,1,8.4468
Daniel Algrant,1,8.4468
Dan Zukovic,1,8.4468
Dan Trachtenberg,1,8.4468
Dan Scanlon,1,8.4468
Dan Rush,1,8.4468
Dan Reed,1,8.4468
Dan O'Bannon,1,8.4468
Dan Mazer,1,8.4468
Dan Ireland,1,8.4468
Dan Harris,1,8.4468
Dan Gilroy,1,8.4468
Dan Fogelman,1,8.4468
Dan Cutforth,1,8.4468
Dan Curtis,1,8.4468
Damon Santostefano,1,8.4468
Damir Catic,1,8.4468
Damien O'Donnell,1,8.4468
Damien Dante Wayans,1,8.4468
Damien Chazelle,1,8.4468
Damian Nieman,1,8.4468
Dagur Kári,1,8.4468
D.W. Griffith,1,8.4468
D. Stevens,1,8.4468
Cyrus Nowrasteh,1,8.4468
Cristian Mungiu,1,8.4468
Craig Zobel,1,8.4468
Craig Johnson,1,8.4468
Craig Bolotin,1,8.4468
Courtney Hunt,1,8.4468
Cory Edwards,1,8.4468
Corey Yuen,1,8.4468
Corey Grant,1,8.4468
Conor McPherson,1,8.4468
Conor McMahon,1,8.4468
Collin Schiffli,1,8.4468
Colin Minihan,1,8.4468
Colin Higgins,1,8.4468
Cody Cameron,1,8.4468
Clive Barker,1,8.4468
Clay Kaytis,1,8.4468
Claudia Sainte-Luce,1,8.4468
Claude Miller,1,8.4468
Clark Gregg,1,8.4468
Clark Baker,1,8.4468
Ciarán Foy,1,8.4468
Chuck Sheetz,1,8.4468
Chuck Bowman,1,8.4468
Chuan Lu,1,8.4468
Christopher Spencer,1,8.4468
Christopher Scott Cherot,1,8.4468
Christopher Morris,1,8.4468
Christopher M. Bessette,1,8.4468
Christopher Leitch,1,8.4468
Christopher Landon,1,8.4468
Christopher Hutson,1,8.4468
Christopher Erskin,1,8.4468
Christophe Gans,1,8.4468
Christophe Barratier,1,8.4468
Christophe Ali,1,8.4468
Christine Jeffs,1,8.4468
Christian Volckman,1,8.4468
Christian Sesma,1,8.4468
Christian E. Christiansen,1,8.4468
Christian Ditter,1,8.4468
Christian Carion,1,8.4468
Chris Shadley,1,8.4468
Chris Robinson,1,8.4468
Chris Roberts,1,8.4468
Chris Paine,1,8.4468
Chris Nahon,1,8.4468
Chris Gorak,1,8.4468
Chris Eyre,1,8.4468
Chris D'Arienzo,1,8.4468
Chris Carter,1,8.4468
Chris Butler,1,8.4468
Chris Buck,1,8.4468
Chris Atkins,1,8.4468
Chia-Liang Liu,1,8.4468
Cheryl Dunye,1,8.4468
Chatrichalerm Yukol,1,8.4468
Charlie Kaufman,1,8.4468
Charles T. Kanganis,1,8.4468
Charles Shyer,1,8.4468
Charles S. Dutton,1,8.4468
Charles Robert Carner,1,8.4468
Charles Matthau,1,8.4468
Charles Chaplin,1,8.4468
Charles Binamé,1,8.4468
Charles Adelman,1,8.4468
Chao-Bin Su,1,8.4468
Chad Kapper,1,8.4468
Chad Hartigan,1,8.4468
Cedric Nicolas-Troyan,1,8.4468
Cecil B. DeMille,1,8.4468
Cathy Malkasian,1,8.4468
Catherine Owens,1,8.4468
Catherine Jelski,1,8.4468
Catherine Gund,1,8.4468
Cassandra Nicolaou,1,8.4468
Caryn Waechter,1,8.4468
Carter Smith,1,8.4468
Caroline Link,1,8.4468
Carmen Marron,1,8.4468
Carlos Saura,1,8.4468
Carlos Carrera,1,8.4468
Carl Theodor Dreyer,1,8.4468
Carl Rinsch,1,8.4468
Cal Brunker,1,8.4468
Byron Howard,1,8.4468
Bryan Barber,1,8.4468
Bruno Barreto,1,8.4468
Bruce Paltrow,1,8.4468
Bruce McDonald,1,8.4468
Bruce Malmuth,1,8.4468
Bruce Macdonald,1,8.4468
Bruce Hunt,1,8.4468
Bruce Dellis,1,8.4468
Bruce Campbell,1,8.4468
Bronwen Hughes,1,8.4468
Britt Allcroft,1,8.4468
Brian Yuzna,1,8.4468
Brian Percival,1,8.4468
Brian Klugman,1,8.4468
Brian Henson,1,8.4468
Brian Dorton,1,8.4468
Brian Dannelly,1,8.4468
Brian Caunter,1,8.4468
Brian Baugh,1,8.4468
Brian A Miller,1,8.4468
Brenton Spencer,1,8.4468
Brendan Malloy,1,8.4468
Brenda Chapman,1,8.4468
Brandon Trost,1,8.4468
Brandon Landers,1,8.4468
Brandon Cronenberg,1,8.4468
Brandon Camp,1,8.4468
Bradley Rust Gray,1,8.4468
Bradley Parker,1,8.4468
Brad J. Silverman,1,8.4468
Brad Copeland,1,8.4468
Boris Rodriguez,1,8.4468
Bonnie Hunt,1,8.4468
Bobcat Goldthwait,1,8.4468
Bobby Roth,1,8.4468
Bob Spiers,1,8.4468
Bob Gosse,1,8.4468
Bob Giraldi,1,8.4468
Bob Dolman,1,8.4468
Bo Zenga,1,8.4468
Bo Welch,1,8.4468
Blair Hayes,1,8.4468
Blair Erickson,1,8.4468
Billy Kent,1,8.4468
Bill Plympton,1,8.4468
Bill Muir,1,8.4468
Bill Melendez,1,8.4468
Bill Duke,1,8.4468
Bill Benenson,1,8.4468
Bigas Luna,1,8.4468
Beto Gómez,1,8.4468
Benson Lee,1,8.4468
Benny Boom,1,8.4468
Benni Diez,1,8.4468
Benjamin Dickinson,1,8.4468
Benh Zeitlin,1,8.4468
Benedikt Erlingsson,1,8.4468
Benedek Fliegauf,1,8.4468
Ben Younger,1,8.4468
Ben Stassen,1,8.4468
Ben Lewin,1,8.4468
Beeban Kidron,1,8.4468
Becky Smith,1,8.4468
Barry W. Blaustein,1,8.4468
Barry Skolnick,1,8.4468
Barry Cook,1,8.4468
Barrett Esposito,1,8.4468
Babar Ahmed,1,8.4468
Babak Najafi,1,8.4468
Ayan Mukerji,1,8.4468
Avi Nesher,1,8.4468
Ava DuVernay,1,8.4468
Audrey Wells,1,8.4468
Ashish R. Mohan,1,8.4468
Ash Brannon,1,8.4468
Ash Baron-Cohen,1,8.4468
Asghar Farhadi,1,8.4468
Asger Leth,1,8.4468
Arthur Hiller,1,8.4468
Arjun Sablok,1,8.4468
Arie Posin,1,8.4468
Ari Sandel,1,8.4468
Ari Folman,1,8.4468
Anurag Basu,1,8.4468
Antony Hoffman,1,8.4468
Antonio Simoncini,1,8.4468
Antonio Banderas,1,8.4468
Antonia Bird,1,8.4468
Anthony Vallone,1,8.4468
Anthony Silverston,1,8.4468
Anthony Powell,1,8.4468
Anthony Mann,1,8.4468
Anthony Hickox,1,8.4468
Anthony Hemingway,1,8.4468
Anthony C. Ferrante,1,8.4468
Anthony Bell,1,8.4468
Annabel Jankel,1,8.4468
Anna Muylaert,1,8.4468
Anna Mastro,1,8.4468
Anna Boden,1,8.4468
Angelo Pizzo,1,8.4468
Andy Garcia,1,8.4468
Andy Cadiff,1,8.4468
Andrés Muschietti,1,8.4468
André Øvredal,1,8.4468
André Téchiné,1,8.4468
Andrucha Waddington,1,8.4468
Andrey Zvyagintsev,1,8.4468
Andrew Wilson,1,8.4468
Andrew Traucki,1,8.4468
Andrew Steggall,1,8.4468
Andrew Morahan,1,8.4468
Andrew Leman,1,8.4468
Andrew Jarecki,1,8.4468
Andrew Hyatt,1,8.4468
Andrew Haigh,1,8.4468
Andrew Douglas,1,8.4468
Andrew Currie,1,8.4468
Andrei Tarkovsky,1,8.4468
Andrea Di Stefano,1,8.4468
Andrea Arnold,1,8.4468
Amy Holden Jones,1,8.4468
Amat Escalante,1,8.4468
Amanda Gusack,1,8.4468
Allison Burnett,1,8.4468
Allen Hughes,1,8.4468
Allen Coulter,1,8.4468
Allan Dwan,1,8.4468
Allan Arkush,1,8.4468
Alister Grierson,1,8.4468
Alison Maclean,1,8.4468
Alice Wu,1,8.4468
Alexander Witt,1,8.4468
Alex van Warmerdam,1,8.4468
Alex Zamm,1,8.4468
Alex Smith,1,8.4468
Alex Rivera,1,8.4468
Alex Gibney,1,8.4468
Alex Garland,1,8.4468
Alex Craig Mann,1,8.4468
Alex Cox,1,8.4468
Alessandro Carloni,1,8.4468
Aleksey German,1,8.4468
Aleksandr Veledinskiy,1,8.4468
Alejandro Monteverde,1,8.4468
Alejandro Agresti,1,8.4468
Alec Asten,1,8.4468
Albert Brooks,1,8.4468
Alan Yuen,1,8.4468
Alan Shapiro,1,8.4468
Alan Rudolph,1,8.4468
Alan Poul,1,8.4468
Alan Metter,1,8.4468
Alan Jacobs,1,8.4468
Alan Cohn,1,8.4468
Alan Alda,1,8.4468
Alain Resnais,1,8.4468
Al Silliman Jr.,1,8.4468
Al Franklin,1,8.4468
Akiva Goldsman,1,8.4468
Aki Kaurismäki,1,8.4468
Agustín Díaz Yanes,1,8.4468
Agnieszka Wojtowicz-Vosloo,1,8.4468
Agnieszka Holland,1,8.4468
Adrienne Shelly,1,8.4468
Adam Rapp,1,8.4468
Adam Marcus,1,8.4468
Adam Jay Epstein,1,8.4468
Adam Green,1,8.4468
Adam Goldberg,1,8.4468
Adam Carolla,1,8.4468
Adam Brooks,1,8.4468
Abel Ferrara,1,8.4468
Aaron Seltzer,1,8.4468
Aaron Schneider,1,8.4468
Aaron Hann,1,8.4468
A. Raven Cruz,1,8.4468
