actor,database frequency,idf
Robert De Niro,48,4.5756
Johnny Depp,36,4.8633
Nicolas Cage,32,4.9810
Matt Damon,29,5.0795
J.K. Simmons,29,5.0795
Denzel Washington,29,5.0795
Bruce Willis,28,5.1146
Steve Buscemi,27,5.1509
Robin Williams,27,5.1509
Harrison Ford,27,5.1509
Robert Downey Jr.,26,5.1887
Liam Neeson,26,5.1887
Bill Murray,26,5.1887
Jason Statham,25,5.2279
Tom Hanks,24,5.2687
Tom Cruise,24,5.2687
Morgan Freeman,23,5.3113
Kevin Spacey,22,5.3557
Keanu Reeves,22,5.3557
Gerard Butler,22,5.3557
Christian Bale,22,5.3557
Anthony Hopkins,21,5.4022
Will Ferrell,20,5.4510
Sylvester Stallone,20,5.4510
Scarlett Johansson,20,5.4510
Philip Seymour Hoffman,20,5.4510
Matthew McConaughey,20,5.4510
Leonardo DiCaprio,20,5.4510
Will Smith,19,5.5023
Hugh Jackman,18,5.5564
Channing Tatum,18,5.5564
Brad Pitt,18,5.5564
Julia Roberts,17,5.6136
Jeff Bridges,17,5.6136
Dwayne Johnson,17,5.6136
Ryan Reynolds,16,5.6742
Ryan Gosling,16,5.6742
Paul Walker,16,5.6742
Joseph Gordon-Levitt,16,5.6742
Jim Broadbent,16,5.6742
Clint Eastwood,16,5.6742
Natalie Portman,15,5.7387
Milla Jovovich,15,5.7387
Jennifer Lawrence,15,5.7387
Jake Gyllenhaal,15,5.7387
Colin Firth,15,5.7387
Angelina Jolie Pitt,15,5.7387
Al Pacino,15,5.7387
Naomi Watts,14,5.8077
Kate Winslet,14,5.8077
James Franco,14,5.8077
Chris Hemsworth,14,5.8077
Adam Sandler,14,5.8077
Meryl Streep,13,5.8818
Kristen Stewart,13,5.8818
Judy Greer,13,5.8818
Dennis Quaid,13,5.8818
Bradley Cooper,13,5.8818
Viggo Mortensen,12,5.9619
Brendan Fraser,12,5.9619
Vin Diesel,11,6.0489
Tom Wilkinson,11,6.0489
Rosario Dawson,11,6.0489
Peter Dinklage,11,6.0489
Matthew Broderick,11,6.0489
Emma Stone,11,6.0489
Chloë Grace Moretz,11,6.0489
Bruce Greenwood,11,6.0489
Bernie Mac,11,6.0489
Anne Hathaway,11,6.0489
Woody Allen,10,6.1442
Tom Hardy,10,6.1442
Steve Carell,10,6.1442
Salma Hayek,10,6.1442
Robin Wright,10,6.1442
Oliver Platt,10,6.1442
Michael Fassbender,10,6.1442
Kirsten Dunst,10,6.1442
Josh Hutcherson,10,6.1442
Gary Oldman,10,6.1442
Zooey Deschanel,9,6.2495
Sarah Michelle Gellar,9,6.2495
Robert Duvall,9,6.2495
Ray Winstone,9,6.2495
Michael Biehn,9,6.2495
Martin Landau,9,6.2495
Jon Favreau,9,6.2495
Jeremy Renner,9,6.2495
Jennifer Garner,9,6.2495
Jamie Lee Curtis,9,6.2495
Don Cheadle,9,6.2495
Christopher Lee,9,6.2495
Chris Evans,9,6.2495
Bob Hoskins,9,6.2495
Alfre Woodard,9,6.2495
Alexa PenaVega,9,6.2495
Mila Kunis,8,6.3673
Michael Jai White,8,6.3673
Leonard Nimoy,8,6.3673
Jimmy Bennett,8,6.3673
Jet Li,8,6.3673
Jennifer Jason Leigh,8,6.3673
Djimon Hounsou,8,6.3673
Anjelica Huston,8,6.3673
Amy Poehler,8,6.3673
Alyson Hannigan,8,6.3673
Alan Rickman,8,6.3673
Adam Scott,8,6.3673
Vivica A. Fox,7,6.5009
Robert Pattinson,7,6.5009
Radha Mitchell,7,6.5009
Mo'Nique,7,6.5009
Minnie Driver,7,6.5009
Logan Lerman,7,6.5009
Justin Timberlake,7,6.5009
Jon Lovitz,7,6.5009
Jada Pinkett Smith,7,6.5009
Holly Hunter,7,6.5009
Henry Cavill,7,6.5009
Daniel Radcliffe,7,6.5009
Chazz Palminteri,7,6.5009
Catherine Deneuve,7,6.5009
Benedict Cumberbatch,7,6.5009
Anna Kendrick,7,6.5009
Vanessa Williams,6,6.6550
Tom Skerritt,6,6.6550
Toby Jones,6,6.6550
Rufus Sewell,6,6.6550
Olivia Wilde,6,6.6550
Norman Reedus,6,6.6550
Nia Long,6,6.6550
Macaulay Culkin,6,6.6550
Lin Shaye,6,6.6550
Li Gong,6,6.6550
LL Cool J,6,6.6550
Joe Mantegna,6,6.6550
Jason Flemyng,6,6.6550
Hayden Christensen,6,6.6550
George Kennedy,6,6.6550
Gary Cole,6,6.6550
Ed Begley Jr.,6,6.6550
Donald Pleasence,6,6.6550
Dominic Cooper,6,6.6550
Dianne Wiest,6,6.6550
Demi Moore,6,6.6550
David Oyelowo,6,6.6550
Christopher Lambert,6,6.6550
Charlotte Rampling,6,6.6550
Charlize Theron,6,6.6550
Catherine O'Hara,6,6.6550
Ty Burrell,5,6.8373
Tina Fey,5,6.8373
Steve Coogan,5,6.8373
Stephen Root,5,6.8373
Samantha Morton,5,6.8373
Roy Scheider,5,6.8373
Roddy McDowall,5,6.8373
Quentin Tarantino,5,6.8373
Omar Epps,5,6.8373
Natasha Lyonne,5,6.8373
Muse Watson,5,6.8373
Mira Sorvino,5,6.8373
Madeline Kahn,5,6.8373
Madeline Carroll,5,6.8373
Lea Thompson,5,6.8373
Kelly Macdonald,5,6.8373
Julian Sands,5,6.8373
Jon Hamm,5,6.8373
Jennifer Ehle,5,6.8373
Jay Hernandez,5,6.8373
Janeane Garofalo,5,6.8373
Heath Ledger,5,6.8373
Haley Joel Osment,5,6.8373
Fisher Stevens,5,6.8373
Ethan Suplee,5,6.8373
Daniel Roebuck,5,6.8373
Costas Mandylor,5,6.8373
Connie Nielsen,5,6.8373
Clifton Collins Jr.,5,6.8373
Charlie Hunnam,5,6.8373
Cary-Hiroyuki Tagawa,5,6.8373
Bryce Dallas Howard,5,6.8373
Bokeem Woodbine,5,6.8373
Billy Burke,5,6.8373
Bill Cobbs,5,6.8373
Alicia Witt,5,6.8373
Alex Pettyfer,5,6.8373
Adam Goldberg,5,6.8373
William McNamara,4,7.0605
William Hurt,4,7.0605
Vincent Pastore,4,7.0605
Victor Wong,4,7.0605
Vanessa Redgrave,4,7.0605
Topher Grace,4,7.0605
Taylor Negron,4,7.0605
Stockard Channing,4,7.0605
Stephen Graham,4,7.0605
Sissy Spacek,4,7.0605
Sid Haig,4,7.0605
Shah Rukh Khan,4,7.0605
Sean Pertwee,4,7.0605
Scott Glenn,4,7.0605
Robert Forster,4,7.0605
Peter Greene,4,7.0605
Paul Sorvino,4,7.0605
Paddy Considine,4,7.0605
Olivier Martinez,4,7.0605
Miriam Margolyes,4,7.0605
Mike Starr,4,7.0605
Michael Moore,4,7.0605
Michael Kelly,4,7.0605
Michael Imperioli,4,7.0605
Michael Gough,4,7.0605
Michael Angarano,4,7.0605
Mekhi Phifer,4,7.0605
Matt Bomer,4,7.0605
Marlon Brando,4,7.0605
Mark Margolis,4,7.0605
Liam Aiken,4,7.0605
Leslie Bibb,4,7.0605
Lena Dunham,4,7.0605
Kristin Scott Thomas,4,7.0605
Kieran Culkin,4,7.0605
Kevin Zegers,4,7.0605
Kelly Preston,4,7.0605
Kane Hodder,4,7.0605
Julie Benz,4,7.0605
Julian Morris,4,7.0605
Jon Heder,4,7.0605
John Witherspoon,4,7.0605
Jim Belushi,4,7.0605
Jeremy Irvine,4,7.0605
James Coburn,4,7.0605
Ioan Gruffudd,4,7.0605
Harold Perrineau,4,7.0605
Frank Langella,4,7.0605
Frances Fisher,4,7.0605
Ethan Embry,4,7.0605
Eric Idle,4,7.0605
Emily Watson,4,7.0605
Ellen Burstyn,4,7.0605
Eileen Brennan,4,7.0605
Eddie Redmayne,4,7.0605
Eddie Cibrian,4,7.0605
Donald Faison,4,7.0605
Delroy Lindo,4,7.0605
Dane Cook,4,7.0605
Colm Feore,4,7.0605
Cicely Tyson,4,7.0605
Christoph Waltz,4,7.0605
CCH Pounder,4,7.0605
Brian Dennehy,4,7.0605
Boris Kodjoe,4,7.0605
Billy Crudup,4,7.0605
Bella Thorne,4,7.0605
Archie Panjabi,4,7.0605
Andrew Garfield,4,7.0605
America Ferrera,4,7.0605
Alexander Skarsgård,4,7.0605
Aidan Turner,4,7.0605
Aidan Quinn,4,7.0605
Adam Baldwin,4,7.0605
Zack Ward,3,7.3482
Zachary Gordon,3,7.3482
Yaphet Kotto,3,7.3482
Will Forte,3,7.3482
Wilford Brimley,3,7.3482
Wagner Moura,3,7.3482
Virginia Madsen,3,7.3482
Tony Curran,3,7.3482
Tom Selleck,3,7.3482
Tim Blake Nelson,3,7.3482
Tia Carrere,3,7.3482
Terry Pheto,3,7.3482
Ted Raimi,3,7.3482
Taylor Lautner,3,7.3482
Steve Guttenberg,3,7.3482
Stephen Rea,3,7.3482
Stephen McHattie,3,7.3482
Sophia Myles,3,7.3482
Shannon Elizabeth,3,7.3482
Shailene Woodley,3,7.3482
Sarah Silverman,3,7.3482
Sarah Polley,3,7.3482
Sam Shepard,3,7.3482
Ryan Guzman,3,7.3482
Rory Culkin,3,7.3482
Romola Garai,3,7.3482
Roger Rees,3,7.3482
Robert Shaw,3,7.3482
Rob Riggle,3,7.3482
Rita Moreno,3,7.3482
Rip Torn,3,7.3482
Richard E. Grant,3,7.3482
Quvenzhané Wallis,3,7.3482
Peter Coyote,3,7.3482
Paul Hogan,3,7.3482
Patrick Fugit,3,7.3482
Orlando Bloom,3,7.3482
Oprah Winfrey,3,7.3482
Omari Hardwick,3,7.3482
Olivia Munn,3,7.3482
Oliver Reed,3,7.3482
Noel Gugliemi,3,7.3482
Noel Fisher,3,7.3482
Nia Vardalos,3,7.3482
Natasha Henstridge,3,7.3482
MyAnna Buring,3,7.3482
Montgomery Clift,3,7.3482
Ming-Na Wen,3,7.3482
Min-sik Choi,3,7.3482
Mike Vogel,3,7.3482
Miguel Ferrer,3,7.3482
Michiel Huisman,3,7.3482
Michael Wincott,3,7.3482
Michael Smiley,3,7.3482
Michael Rapaport,3,7.3482
Michael Emerson,3,7.3482
Meat Loaf,3,7.3482
Matthew Perry,3,7.3482
Martin Short,3,7.3482
Marley Shelton,3,7.3482
Mark Addy,3,7.3482
Marc Blucas,3,7.3482
Lucas Grabeel,3,7.3482
Louis Lombardi,3,7.3482
Loretta Devine,3,7.3482
Linda Cardellini,3,7.3482
Leighton Meester,3,7.3482
Lee Marvin,3,7.3482
LeVar Burton,3,7.3482
Laurence Olivier,3,7.3482
Laura Ramsey,3,7.3482
Kurtwood Smith,3,7.3482
Konstantin Khabenskiy,3,7.3482
Kelli Garner,3,7.3482
Katrina Bowden,3,7.3482
Justin Theroux,3,7.3482
Julie Walters,3,7.3482
Judge Reinhold,3,7.3482
Joseph Cotten,3,7.3482
Jonathan Winters,3,7.3482
John Ratzenberger,3,7.3482
John Michael Higgins,3,7.3482
John Amos,3,7.3482
Joe Lo Truglio,3,7.3482
Jim Sturgess,3,7.3482
Jim Gaffigan,3,7.3482
Jerry Stiller,3,7.3482
Jenna Fischer,3,7.3482
Jeanne Tripplehorn,3,7.3482
Javier Botet,3,7.3482
Jason Patric,3,7.3482
James Nesbitt,3,7.3482
James Mason,3,7.3482
James Corden,3,7.3482
Jack McBrayer,3,7.3482
Ivana Milicevic,3,7.3482
Isabella Rossellini,3,7.3482
Ian Somerhalder,3,7.3482
Henry Thomas,3,7.3482
Henry Ian Cusick,3,7.3482
Hector Elizondo,3,7.3482
Harry Lennix,3,7.3482
Greta Gerwig,3,7.3482
Gregory Smith,3,7.3482
Goran Visnjic,3,7.3482
Glenn Morshower,3,7.3482
George C. Scott,3,7.3482
Gary Dourdan,3,7.3482
Frank Welker,3,7.3482
Frank Grillo,3,7.3482
Frances Conroy,3,7.3482
Eva Green,3,7.3482
Esai Morales,3,7.3482
Erika Christensen,3,7.3482
Eric Dane,3,7.3482
Elizabeth Daily,3,7.3482
Eddie Griffin,3,7.3482
Dylan Baker,3,7.3482
Drake Bell,3,7.3482
Don Johnson,3,7.3482
Devin Ratray,3,7.3482
Desmond Llewelyn,3,7.3482
Dean Stockwell,3,7.3482
David Hewlett,3,7.3482
David Carradine,3,7.3482
Danny Dyer,3,7.3482
Curtis Armstrong,3,7.3482
Colin Salmon,3,7.3482
Clint Howard,3,7.3482
Christopher Meloni,3,7.3482
Chris Noth,3,7.3482
Chris Brown,3,7.3482
Carmen Electra,3,7.3482
Callum Rennie,3,7.3482
Busy Philipps,3,7.3482
Bruce Dern,3,7.3482
Bojana Novakovic,3,7.3482
Bingbing Li,3,7.3482
Bill Duke,3,7.3482
Bam Margera,3,7.3482
Ari Graynor,3,7.3482
Anna Friel,3,7.3482
Andy Lau,3,7.3482
Alison Brie,3,7.3482
Alice Braga,3,7.3482
Alex Kendrick,3,7.3482
Adam Garcia,3,7.3482
Abbie Cornish,3,7.3482
Zoë Kravitz,2,7.7536
Zoe Kazan,2,7.7536
Zach Gilford,2,7.7536
Willie Garson,2,7.7536
William Smith,2,7.7536
William Holden,2,7.7536
Vidya Balan,2,7.7536
Tyler James Williams,2,7.7536
Tony Goldwyn,2,7.7536
Tom Everett Scott,2,7.7536
Tom Cullen,2,7.7536
Tom Berenger,2,7.7536
Toby Stephens,2,7.7536
Thomas Kretschmann,2,7.7536
Thomas F. Wilson,2,7.7536
Teri Polo,2,7.7536
Ted Danson,2,7.7536
Taran Killam,2,7.7536
Takuya Kimura,2,7.7536
Takeshi Kaneshiro,2,7.7536
Steve Howey,2,7.7536
Stephanie Szostak,2,7.7536
Stacy Keach,2,7.7536
Snoop Dogg,2,7.7536
Shirley Henderson,2,7.7536
Seymour Cassel,2,7.7536
Sebastian Koch,2,7.7536
Sean Patrick Thomas,2,7.7536
Scout Taylor-Compton,2,7.7536
Scott Porter,2,7.7536
Scoot McNairy,2,7.7536
Scatman Crothers,2,7.7536
Sandra Ellis Lafferty,2,7.7536
Sanaa Lathan,2,7.7536
Sam Trammell,2,7.7536
Sam Riley,2,7.7536
Sally Hawkins,2,7.7536
Saif Ali Khan,2,7.7536
Saeed Jaffrey,2,7.7536
Ryan O'Neal,2,7.7536
Rupert Grint,2,7.7536
Rudy Youngblood,2,7.7536
Romany Malco,2,7.7536
Romain Duris,2,7.7536
Rob Paulsen,2,7.7536
Ricky Schroder,2,7.7536
Rick Yune,2,7.7536
Richard Tyson,2,7.7536
Richard Burton,2,7.7536
Riccardo Scamarcio,2,7.7536
Ricardo Darín,2,7.7536
Randy Wayne,2,7.7536
Ranbir Kapoor,2,7.7536
Rami Malek,2,7.7536
Rachel Hendrix,2,7.7536
Q'orianka Kilcher,2,7.7536
Philip Baker Hall,2,7.7536
Peter Gallagher,2,7.7536
Peter Fonda,2,7.7536
Patton Oswalt,2,7.7536
Patrick Macnee,2,7.7536
Olivia Williams,2,7.7536
Oliver Hudson,2,7.7536
Noam Chomsky,2,7.7536
Noah Taylor,2,7.7536
Nick Stahl,2,7.7536
Nicholas Gonzalez,2,7.7536
Nathan Lane,2,7.7536
Nate Parker,2,7.7536
Natascha McElhone,2,7.7536
Naseeruddin Shah,2,7.7536
Mía Maestro,2,7.7536
Moritz Bleibtreu,2,7.7536
Miranda Cosgrove,2,7.7536
Miko Hughes,2,7.7536
Mike Epps,2,7.7536
Michael McKean,2,7.7536
Michael Jeter,2,7.7536
Michael Berryman,2,7.7536
Mia Wasikowska,2,7.7536
Mia Farrow,2,7.7536
Mem Ferda,2,7.7536
Melanie Griffith,2,7.7536
Mehcad Brooks,2,7.7536
Max Minghella,2,7.7536
Maura Tierney,2,7.7536
Matthew Ziff,2,7.7536
Matt Walsh,2,7.7536
Matt Frewer,2,7.7536
Mathieu Amalric,2,7.7536
Mary-Kate Olsen,2,7.7536
Mary Lynn Rajskub,2,7.7536
Martin Kove,2,7.7536
Mark Gatiss,2,7.7536
Mark Duplass,2,7.7536
Margot Kidder,2,7.7536
Mara Wilson,2,7.7536
Mako,2,7.7536
Mackenzie Foy,2,7.7536
Lynn Cohen,2,7.7536
Lupe Ontiveros,2,7.7536
Luke Bracey,2,7.7536
Luis Tosar,2,7.7536
Lochlyn Munro,2,7.7536
Liv Ullmann,2,7.7536
Lisa Ann Walter,2,7.7536
Linnea Quigley,2,7.7536
Lily Tomlin,2,7.7536
Lesley Manville,2,7.7536
Leonard Roberts,2,7.7536
Lena Olin,2,7.7536
Lea Michele,2,7.7536
Lauren Holly,2,7.7536
Laura Harring,2,7.7536
Larry Miller,2,7.7536
Larry David,2,7.7536
Kyra Sedgwick,2,7.7536
Krista Allen,2,7.7536
Kirby Heyborne,2,7.7536
Ki Hong Lee,2,7.7536
Khandi Alexander,2,7.7536
Kevin McNally,2,7.7536
Kevin Corrigan,2,7.7536
Ken Howard,2,7.7536
Keith Carradine,2,7.7536
Keisha Castle-Hughes,2,7.7536
Katy Mixon,2,7.7536
Kathleen Turner,2,7.7536
Katharine Ross,2,7.7536
Katharine Isabelle,2,7.7536
Kath Soucie,2,7.7536
Justin Chon,2,7.7536
Jurnee Smollett-Bell,2,7.7536
Julie Christie,2,7.7536
Julian Richings,2,7.7536
Julian Glover,2,7.7536
Julia Ormond,2,7.7536
Judith Barsi,2,7.7536
Josh Gad,2,7.7536
Josh Charles,2,7.7536
Joseph Gilgun,2,7.7536
Jordi Mollà,2,7.7536
Jordana Brewster,2,7.7536
John de Lancie,2,7.7536
John Heard,2,7.7536
John Cassavetes,2,7.7536
John Belushi,2,7.7536
Joely Richardson,2,7.7536
Joe Morton,2,7.7536
Joaquim de Almeida,2,7.7536
Joan Allen,2,7.7536
Jimmy Fallon,2,7.7536
Jim Parsons,2,7.7536
Jessica Lowndes,2,7.7536
Jesse McCartney,2,7.7536
Jerry Ferrara,2,7.7536
Jeremy Davies,2,7.7536
Jennifer Hudson,2,7.7536
Jennifer Esposito,2,7.7536
Jeffrey Jones,2,7.7536
Jason Priestley,2,7.7536
Jason Mewes,2,7.7536
Janet Leigh,2,7.7536
James D'Arcy,2,7.7536
Jaime King,2,7.7536
Isabelle Huppert,2,7.7536
Isaac Hempstead Wright,2,7.7536
Indira Varma,2,7.7536
Imelda Staunton,2,7.7536
Illeana Douglas,2,7.7536
Ian Ziering,2,7.7536
Hunter Parrish,2,7.7536
Humphrey Bogart,2,7.7536
Hugh M. Hefner,2,7.7536
Hope Davis,2,7.7536
Heather Matarazzo,2,7.7536
Heather Locklear,2,7.7536
Hayley Atwell,2,7.7536
Gunnar Hansen,2,7.7536
Gretchen Mol,2,7.7536
Greg Grunberg,2,7.7536
Ginger Rogers,2,7.7536
Gina Lollobrigida,2,7.7536
Geoff Stults,2,7.7536
Gary Cooper,2,7.7536
Fred Gwynne,2,7.7536
François Cluzet,2,7.7536
Frank Finlay,2,7.7536
Fernanda Montenegro,2,7.7536
Faye Dunaway,2,7.7536
Farrah Fawcett,2,7.7536
Faizon Love,2,7.7536
F. Murray Abraham,2,7.7536
Ezra Miller,2,7.7536
Estella Warren,2,7.7536
Essie Davis,2,7.7536
Eric Stoltz,2,7.7536
Emmanuelle Vaugier,2,7.7536
Emma Watson,2,7.7536
Emma Bell,2,7.7536
Emir Kusturica,2,7.7536
Eddie Marsan,2,7.7536
Eddie Izzard,2,7.7536
Dorian Missick,2,7.7536
Dolly Parton,2,7.7536
Diedrich Bader,2,7.7536
Denis Leary,2,7.7536
Denis Lavant,2,7.7536
Demián Bichir,2,7.7536
Del Zamora,2,7.7536
Debra Messing,2,7.7536
Deborah Kara Unger,2,7.7536
David Paymer,2,7.7536
David Keith,2,7.7536
David Hyde Pierce,2,7.7536
David Arquette,2,7.7536
Dave Chappelle,2,7.7536
Daryl Sabara,2,7.7536
Dany Boon,2,7.7536
Danneel Ackles,2,7.7536
Daniel Stern,2,7.7536
Dan Byrd,2,7.7536
Damon Wayans Jr.,2,7.7536
Craig T. Nelson,2,7.7536
Craig Roberts,2,7.7536
Craig Ferguson,2,7.7536
Corbin Bernsen,2,7.7536
Common,2,7.7536
Cliff Robertson,2,7.7536
Clea DuVall,2,7.7536
Claude Rains,2,7.7536
Christopher Abbott,2,7.7536
Christian Clavier,2,7.7536
Cheech Marin,2,7.7536
Charlie McDermott,2,7.7536
Charles Napier,2,7.7536
Cedric the Entertainer,2,7.7536
Carlos Ponce,2,7.7536
Candice Bergen,2,7.7536
Campbell Scott,2,7.7536
Bruce Spence,2,7.7536
Bruce McGill,2,7.7536
Brittany Daniel,2,7.7536
Brighton Sharbino,2,7.7536
Brian Blessed,2,7.7536
Brandon T. Jackson,2,7.7536
Brad Garrett,2,7.7536
Bono,2,7.7536
Bolo Yeung,2,7.7536
Blythe Danner,2,7.7536
Blair Underwood,2,7.7536
Bjørn Sundquist,2,7.7536
Bingbing Fan,2,7.7536
Beverly D'Angelo,2,7.7536
Beth Grant,2,7.7536
Ben Gazzara,2,7.7536
Ben Feldman,2,7.7536
Bashar Rahal,2,7.7536
Barry Corbin,2,7.7536
Bailee Madison,2,7.7536
Austin Pendleton,2,7.7536
Armando Riesco,2,7.7536
Ariana Richards,2,7.7536
Andrew Fiscella,2,7.7536
Andrew Bujalski,2,7.7536
Alison Lohman,2,7.7536
Alice Krige,2,7.7536
Alexander Gould,2,7.7536
Alden Ehrenreich,2,7.7536
Albert Finney,2,7.7536
Albert Brooks,2,7.7536
Alanna Ubach,2,7.7536
Aimee Garcia,2,7.7536
Abhishek Bachchan,2,7.7536
Óscar Jaenada,1,8.4468
Álex Angulo,1,8.4468
Zuhair Haddad,1,8.4468
Zak Penn,1,8.4468
Zachary Knighton,1,8.4468
Yuri Lowenthal,1,8.4468
Yuliya Snigir,1,8.4468
Yul Vazquez,1,8.4468
Yuki Matsuzaki,1,8.4468
Yu-mi Jeong,1,8.4468
Yorick van Wageningen,1,8.4468
Yolande Moreau,1,8.4468
Ye Liu,1,8.4468
Yaya DaCosta,1,8.4468
Yasmine Al Massri,1,8.4468
Yangzom Brauen,1,8.4468
Ximena Ayala,1,8.4468
Xander Berkeley,1,8.4468
Woody Strode,1,8.4468
Wood Harris,1,8.4468
Woo-sung Jung,1,8.4468
William Schallert,1,8.4468
William Morgan Sheppard,1,8.4468
William Kircher,1,8.4468
William Katt,1,8.4468
William Joseph Elk III,1,8.4468
William Hootkins,1,8.4468
William Gates,1,8.4468
William Baldwin,1,8.4468
Will Rothhaar,1,8.4468
Will Patton,1,8.4468
Wesley Jonathan,1,8.4468
Wes Studi,1,8.4468
Wendi McLendon-Covey,1,8.4468
Wei Zhao,1,8.4468
Wayne Knight,1,8.4468
Warren Christie,1,8.4468
Warren Beatty,1,8.4468
Wanda Sykes,1,8.4468
Walter Koenig,1,8.4468
Walter Hendrix III,1,8.4468
W. Earl Brown,1,8.4468
Virginia Leith,1,8.4468
Violante Placido,1,8.4468
Vinessa Shaw,1,8.4468
Vincent Schiavelli,1,8.4468
Vincent Gallo,1,8.4468
Vincent Chimato,1,8.4468
Victoria Jackson,1,8.4468
Victor Rasuk,1,8.4468
Vic Mignogna,1,8.4468
Veronica Taylor,1,8.4468
Veronica Ferres,1,8.4468
Vernon Wells,1,8.4468
Vernon Dobtcheff,1,8.4468
Verne Troyer,1,8.4468
Vanna Bonta,1,8.4468
Vanessa Lengies,1,8.4468
Vanessa Ferlito,1,8.4468
Usher Raymond,1,8.4468
Ursula Andress,1,8.4468
Ulrich Tukur,1,8.4468
Ulrich Thomsen,1,8.4468
Udo Kier,1,8.4468
Tzi Ma,1,8.4468
Tyrone Power,1,8.4468
Tyler Mane,1,8.4468
Tyler Labine,1,8.4468
Ty Parker,1,8.4468
Tuesday Knight,1,8.4468
Tshewang Dendup,1,8.4468
Trey Parker,1,8.4468
Trey Loney,1,8.4468
Trevor Morgan,1,8.4468
Trenton Rostedt,1,8.4468
Treat Williams,1,8.4468
Tori Spelling,1,8.4468
Topol,1,8.4468
Tony Nappo,1,8.4468
Tony Doupe,1,8.4468
Tony Cox,1,8.4468
Tony Chiu Wai Leung,1,8.4468
Tony Bonner,1,8.4468
Tony Alva,1,8.4468
Toni Servillo,1,8.4468
Tommy Sheppard,1,8.4468
Tommy Pallotta,1,8.4468
Tom Welling,1,8.4468
Tom Hughes,1,8.4468
Tom E. Nicholson,1,8.4468
Tom Burke,1,8.4468
Tom Atkins,1,8.4468
Todd Stashwick,1,8.4468
Todd Giebenhain,1,8.4468
Tisha Campbell-Martin,1,8.4468
Tippi Hedren,1,8.4468
Tina Turner,1,8.4468
Tina Desai,1,8.4468
Timothy Hutton,1,8.4468
Tim Meadows,1,8.4468
Tim Holmes,1,8.4468
Tim Conway,1,8.4468
Tika Sumpter,1,8.4468
Tiffany Helm,1,8.4468
Tiago Riani,1,8.4468
Thomas Stroppel,1,8.4468
Thomas McDonell,1,8.4468
Thomas Lennon,1,8.4468
Thomas Bo Larsen,1,8.4468
Theo James,1,8.4468
Teryl Rothery,1,8.4468
Terry Kiser,1,8.4468
Terry Funk,1,8.4468
Teri Garr,1,8.4468
Teresa Wright,1,8.4468
Teo Halm,1,8.4468
Tenzin Thuthob Tsarong,1,8.4468
Temple Grandin,1,8.4468
Telly Savalas,1,8.4468
Taylor Pigeon,1,8.4468
Taylor Cole,1,8.4468
Tatyana Ali,1,8.4468
Tatum O'Neal,1,8.4468
Tatsuo Matsumura,1,8.4468
Tatiana Suarez-Pico,1,8.4468
Tate Donovan,1,8.4468
Tasha Smith,1,8.4468
Tanya Roberts,1,8.4468
Tamsin Egerton,1,8.4468
Tammin Sursok,1,8.4468
Tamara Toumanova,1,8.4468
Tamannaah Bhatia,1,8.4468
Talulah Riley,1,8.4468
Talisa Soto,1,8.4468
Taliesin Jaffe,1,8.4468
Talia Zucker,1,8.4468
Talia Shire,1,8.4468
Takashi Shimura,1,8.4468
Tadanobu Asano,1,8.4468
T.I.,1,8.4468
Sydney Pollack,1,8.4468
Suraj Sharma,1,8.4468
Sunny Mabrey,1,8.4468
Sunil Narkar,1,8.4468
Sullivan Stapleton,1,8.4468
Steven Yeun,1,8.4468
Steven Mackintosh,1,8.4468
Steven Bauer,1,8.4468
Steven Anthony Lawrence,1,8.4468
Steve Oedekerk,1,8.4468
Steve Irwin,1,8.4468
Steve Bastoni,1,8.4468
Sterling Jerins,1,8.4468
Stephen Macht,1,8.4468
Stephen Dillane,1,8.4468
Stephen Collins,1,8.4468
Stephen Carr,1,8.4468
Stephen Amell,1,8.4468
Stephanie Leonidas,1,8.4468
Stana Roumillac,1,8.4468
Stacy Edwards,1,8.4468
Spring Byington,1,8.4468
Sprague Grayden,1,8.4468
Spencer Wilding,1,8.4468
Spencer Tracy,1,8.4468
Sophie Okonedo,1,8.4468
Sook-Yin Lee,1,8.4468
Sonja Sohn,1,8.4468
Sonia Braga,1,8.4468
Sofia Boutella,1,8.4468
Slim Pickens,1,8.4468
Siu-Wong Fan,1,8.4468
Siobhan Marshall,1,8.4468
Simon Yam,1,8.4468
Simon Abkarian,1,8.4468
Sierra McCormick,1,8.4468
Sid Caesar,1,8.4468
Si Won Choi,1,8.4468
Shô Kosugi,1,8.4468
Shun Oguri,1,8.4468
Shirley Jones,1,8.4468
Shiri Appleby,1,8.4468
Sheryl Lee,1,8.4468
Sheryl Crow,1,8.4468
Shengyi Huang,1,8.4468
Shelley Hennig,1,8.4468
Shelley Duvall,1,8.4468
Shelley Conn,1,8.4468
Sheldon Leonard,1,8.4468
Shawnee Smith,1,8.4468
Shawna Waldron,1,8.4468
Shaun Sipos,1,8.4468
Sharon Small,1,8.4468
Sharon Leal,1,8.4468
Sharlto Copley,1,8.4468
Shari Albert,1,8.4468
Shannen Fields,1,8.4468
Shane Carruth,1,8.4468
Shane Black,1,8.4468
Shahir Kabaha,1,8.4468
Shahab Hosseini,1,8.4468
Seychelle Gabriel,1,8.4468
Seth MacFarlane,1,8.4468
Seth Gilliam,1,8.4468
Sergey Garmash,1,8.4468
Seregon O'Dassey,1,8.4468
Sendhil Ramamurthy,1,8.4468
Sela Ward,1,8.4468
Sean Young,1,8.4468
Sean Whalen,1,8.4468
Sean Lennon,1,8.4468
Sean Hayes,1,8.4468
Sean Cameron Michael,1,8.4468
Seamus Davey-Fitzpatrick,1,8.4468
Scott Takeda,1,8.4468
Scott Mechlowicz,1,8.4468
Scott Levy,1,8.4468
Scott Helvenston,1,8.4468
Scott Grimes,1,8.4468
Scott Cohen,1,8.4468
Scott Baio,1,8.4468
Sayed Badreya,1,8.4468
Satish Kaushik,1,8.4468
Sasha Roiz,1,8.4468
Sasha Alexander,1,8.4468
Sarunyu Wongkrachang,1,8.4468
Sarah Roemer,1,8.4468
Sarah Murphy-Dyson,1,8.4468
Sarah Kazemy,1,8.4468
Sarah Gadon,1,8.4468
Sarah Carter,1,8.4468
Sarah Butler,1,8.4468
Sara Forestier,1,8.4468
Santiago Cabrera,1,8.4468
Sandrine Kiberlain,1,8.4468
Sammy Davis Jr.,1,8.4468
Sammo Kam-Bo Hung,1,8.4468
Samira Wiley,1,8.4468
Samantha Futerman,1,8.4468
Samantha Barks,1,8.4468
Samaire Armstrong,1,8.4468
Sam Waterston,1,8.4468
Sam Edwards,1,8.4468
Sam Claflin,1,8.4468
Sally Kirkland,1,8.4468
Saffron Burrows,1,8.4468
S. Epatha Merkerson,1,8.4468
Ryan Kruger,1,8.4468
Russell Wong,1,8.4468
Russell Tovey,1,8.4468
Russell Hodgkinson,1,8.4468
Rupert Graves,1,8.4468
Rupert Everett,1,8.4468
Rumi Missabu,1,8.4468
Rumi Hiiragi,1,8.4468
Ruby Dee,1,8.4468
Royal Dano,1,8.4468
Roy Billing,1,8.4468
Roxanne McKee,1,8.4468
Rosie Perez,1,8.4468
Roscoe Lee Browne,1,8.4468
Rosanna Arquette,1,8.4468
Ronny Cox,1,8.4468
Ronald Reagan,1,8.4468
Ron Howard,1,8.4468
Roma Downey,1,8.4468
Roger Allam,1,8.4468
Rod Steiger,1,8.4468
Rock Hudson,1,8.4468
Robyn Lively,1,8.4468
Robin McLeavy,1,8.4468
Robin Lord Taylor,1,8.4468
Robert Townsend,1,8.4468
Robert Ri'chard,1,8.4468
Robert Redford,1,8.4468
Robert Pine,1,8.4468
Robert Picardo,1,8.4468
Robert John Burke,1,8.4468
Robert Davi,1,8.4468
Robert Clohessy,1,8.4468
Robert Baker,1,8.4468
Robbie Barnes,1,8.4468
Rita Hayworth,1,8.4468
Ringo Starr,1,8.4468
Rijk de Gooyer,1,8.4468
Richard Wilson,1,8.4468
Richard Moll,1,8.4468
Richard Lawson,1,8.4468
Richard Johnson,1,8.4468
Richard Jewell,1,8.4468
Richard Epcar,1,8.4468
Richard Curtis,1,8.4468
Richard Coyle,1,8.4468
Richard Cabral,1,8.4468
Richard Burgi,1,8.4468
Richard Brooker,1,8.4468
Rich Pecci,1,8.4468
Rich Ceraulo,1,8.4468
Rhys Wakefield,1,8.4468
Rex Baker,1,8.4468
Rene Russo,1,8.4468
Regina Hall,1,8.4468
Redd Foxx,1,8.4468
Rebecca Budig,1,8.4468
Reba McEntire,1,8.4468
Raymond J. Barry,1,8.4468
Raymond Cruz,1,8.4468
Raymond Burr,1,8.4468
Ray Milland,1,8.4468
Raven-Symoné,1,8.4468
Rapulana Seiphemo,1,8.4468
Raoul Bova,1,8.4468
Rainn Wilson,1,8.4468
Rae'Ven Kelly,1,8.4468
Rae Dawn Chong,1,8.4468
Radivoje Bukvic,1,8.4468
Rachel True,1,8.4468
Rachel Skarsten,1,8.4468
Rachel Griffiths,1,8.4468
Rachel Dratch,1,8.4468
Rachel Ann Mullins,1,8.4468
Rachel Alig,1,8.4468
Rachael Carpani,1,8.4468
R. Brandon Johnson,1,8.4468
Quinton Aaron,1,8.4468
Quincy Jones,1,8.4468
Qi Shu,1,8.4468
Purva Bedi,1,8.4468
Pruitt Taylor Vince,1,8.4468
Piper Laurie,1,8.4468
Pink,1,8.4468
Phyllida Law,1,8.4468
Phoebe Legere,1,8.4468
Phoebe Cates,1,8.4468
Philippe Nahon,1,8.4468
Philippe Leroy,1,8.4468
Phil Vischer,1,8.4468
Phil Davis,1,8.4468
Phaldut Sharma,1,8.4468
Pfeifer Brown,1,8.4468
Peter Ustinov,1,8.4468
Peter Serafinowicz,1,8.4468
Peter Robbins,1,8.4468
Peter Ostrum,1,8.4468
Peter Mensah,1,8.4468
Peter McQuinn,1,8.4468
Peter McNamara,1,8.4468
Peter Graves,1,8.4468
Peter Firth,1,8.4468
Peter Capaldi,1,8.4468
Pelé,1,8.4468
Pedro Armendáriz Jr.,1,8.4468
Paz de la Huerta,1,8.4468
Paz Vega,1,8.4468
Paulette Goddard,1,8.4468
Paul Schneider,1,8.4468
Paul McGillion,1,8.4468
Paul McGill,1,8.4468
Paul McCartney,1,8.4468
Paul Kaye,1,8.4468
Paul Guilfoyle,1,8.4468
Paul Daniel Ayotte,1,8.4468
Paul Brooke,1,8.4468
Patrick Renna,1,8.4468
Patrick Kilpatrick,1,8.4468
Patrick Huard,1,8.4468
Patricia Tallman,1,8.4468
Patricia Neal,1,8.4468
Parry Shen,1,8.4468
Pamela Reed,1,8.4468
Pam Ferris,1,8.4468
Paige Turco,1,8.4468
Padraic Delaney,1,8.4468
Pablo Rago,1,8.4468
P.J. Soles,1,8.4468
Otto Jespersen,1,8.4468
Osama bin Laden,1,8.4468
Ornella Muti,1,8.4468
Omar Sy,1,8.4468
Olivia Rose Keegan,1,8.4468
Olivia Newton-John,1,8.4468
Oliver James,1,8.4468
Oksana Akinshina,1,8.4468
Ohad Knoller,1,8.4468
Odeya Rush,1,8.4468
Odessa Rae,1,8.4468
Ocean James,1,8.4468
Numan Acar,1,8.4468
Noureen DeWulf,1,8.4468
Norman Lloyd,1,8.4468
Norma Aleandro,1,8.4468
Norbert Ferrer,1,8.4468
Nora Zehetner,1,8.4468
Nora Dunn,1,8.4468
Nolan Gerard Funk,1,8.4468
Noah Segan,1,8.4468
Noah Huntley,1,8.4468
Noah Emmerich,1,8.4468
Noah Danby,1,8.4468
Noah Bean,1,8.4468
Nissim Renard,1,8.4468
Nirut Sirichanya,1,8.4468
Nimrat Kaur,1,8.4468
Nicole Randall Johnson,1,8.4468
Nicole Muñoz,1,8.4468
Nicole Dionne,1,8.4468
Nicole Beharie,1,8.4468
Nicole Ari Parker,1,8.4468
Nicolas Giraud,1,8.4468
Nicki Aycox,1,8.4468
Nichole Ceballos,1,8.4468
Nicholas Rowe,1,8.4468
Nicholas Lea,1,8.4468
Nicholas Hamilton,1,8.4468
Nicholas Aaron,1,8.4468
Neil Hopkins,1,8.4468
Nehemiah Persoff,1,8.4468
Necati Sasmaz,1,8.4468
Necar Zadegan,1,8.4468
Nawazuddin Siddiqui,1,8.4468
Nathalie Fay,1,8.4468
Nat Wolff,1,8.4468
Nandita Das,1,8.4468
Nancy O'Dell,1,8.4468
Nancy Allen,1,8.4468
Najarra Townsend,1,8.4468
Myrna Loy,1,8.4468
Mustafa Haidari,1,8.4468
Murray Bartlett,1,8.4468
Morgana O'Reilly,1,8.4468
Morgan Saylor,1,8.4468
Monique Gabriela Curnen,1,8.4468
Monique Candelaria,1,8.4468
Monica Potter,1,8.4468
Monica Calhoun,1,8.4468
Molly Parker,1,8.4468
Molly C. Quinn,1,8.4468
Mitsuo Iwata,1,8.4468
Mitch Pileggi,1,8.4468
Misha Gabriel Hamilton,1,8.4468
Mireille Enos,1,8.4468
Mircea Monroe,1,8.4468
Miranda Richardson,1,8.4468
Mike Tyson,1,8.4468
Mike Howard,1,8.4468
Mike Figueroa,1,8.4468
Mike Beckingham,1,8.4468
Mikal Vega,1,8.4468
Mick Jagger,1,8.4468
Michel Robin,1,8.4468
Michael Stuhlbarg,1,8.4468
Michael Raymond-James,1,8.4468
Michael Pollan,1,8.4468
Michael O'Neill,1,8.4468
Michael Nyqvist,1,8.4468
Michael Nouri,1,8.4468
Michael Joiner,1,8.4468
Michael J. Pollard,1,8.4468
Michael Gross,1,8.4468
Michael Greyeyes,1,8.4468
Michael Dudikoff,1,8.4468
Michael Des Barres,1,8.4468
Michael Abbott Jr.,1,8.4468
Micah Sloat,1,8.4468
Mia Sara,1,8.4468
Mia Kirshner,1,8.4468
Mhairi Calvey,1,8.4468
Merritt Wever,1,8.4468
Merab Ninidze,1,8.4468
Melissa Sagemiller,1,8.4468
Melissa Bolona,1,8.4468
Melinda Clarke,1,8.4468
Melina Kanakaredes,1,8.4468
Melanie Papalia,1,8.4468
Mel Blanc,1,8.4468
Mei Melançon,1,8.4468
Meghan Ory,1,8.4468
Megan Park,1,8.4468
Meg Foster,1,8.4468
Maximilian Schell,1,8.4468
Max Riemelt,1,8.4468
Maury Chaykin,1,8.4468
Maureen McCormick,1,8.4468
Matthew Settle,1,8.4468
Matthew Alan,1,8.4468
Matt Smith,1,8.4468
Matt Shively,1,8.4468
Matt Price,1,8.4468
Matt Lucas,1,8.4468
Matt Cohen,1,8.4468
Matt Bennett,1,8.4468
Matisyahu,1,8.4468
Mathieu Kassovitz,1,8.4468
Mary McDonnell,1,8.4468
Mary Elizabeth Mastrantonio,1,8.4468
Martin Starr,1,8.4468
Martin Dew,1,8.4468
Marshall Bell,1,8.4468
Marshal Hilton,1,8.4468
Marsha Thomason,1,8.4468
Marri Savinar,1,8.4468
Marlee Matlin,1,8.4468
Mark Zupan,1,8.4468
Mark Valley,1,8.4468
Mark Rylance,1,8.4468
Mark Fantasia,1,8.4468
Mark Chinnery,1,8.4468
Marisa Saks,1,8.4468
Marina Golbahari,1,8.4468
Marilyn Rising,1,8.4468
Marie-Josée Croze,1,8.4468
Maricel Álvarez,1,8.4468
Maribel Verdú,1,8.4468
Mariah Carey,1,8.4468
Maria Conchita Alonso,1,8.4468
Margaret Hamilton,1,8.4468
Marco Treviño,1,8.4468
Marco St. John,1,8.4468
Marcello Mastroianni,1,8.4468
Marcell Nagy,1,8.4468
Marcela Mar,1,8.4468
Manuela Velasco,1,8.4468
Manish Dayal,1,8.4468
Mani Bharathi,1,8.4468
Malese Jow,1,8.4468
Maika Monroe,1,8.4468
Mahadeo Shivraj,1,8.4468
Magi Avila,1,8.4468
Maggie Cheung,1,8.4468
Maeve Dermody,1,8.4468
Mae West,1,8.4468
Mackenzie Gray,1,8.4468
Mackenzie Davis,1,8.4468
M. Emmet Walsh,1,8.4468
Luke Newberry,1,8.4468
Luke Grimes,1,8.4468
Luis Sanchez,1,8.4468
Luenell,1,8.4468
Lucille Ball,1,8.4468
Lubna Azabal,1,8.4468
Louise Fletcher,1,8.4468
Louise Brooks,1,8.4468
Louise Bourgoin,1,8.4468
Louis Jourdan,1,8.4468
Lou Taylor Pucci,1,8.4468
Lorraine Stanley,1,8.4468
Lorraine Bracco,1,8.4468
Long Nguyen,1,8.4468
Lois Smith,1,8.4468
Logan Browning,1,8.4468
Liza Minnelli,1,8.4468
Lisa Wilcox,1,8.4468
Lisa Edelstein,1,8.4468
Lisa Ann,1,8.4468
Lindsay Kay Hayward,1,8.4468
Linda Harrison,1,8.4468
Linda Blair,1,8.4468
Lily Rabe,1,8.4468
Lily Cole,1,8.4468
Lily Atkinson,1,8.4468
Lillian Gish,1,8.4468
Lilli Lavine,1,8.4468
Lili Taylor,1,8.4468
Lexie Contursi,1,8.4468
Lew Temple,1,8.4468
Levon Helm,1,8.4468
Leven Rambin,1,8.4468
Lesley-Anne Down,1,8.4468
Leopold Stokowski,1,8.4468
Leonor Varela,1,8.4468
Leonid Yarmolnik,1,8.4468
Leon Isaac Kennedy,1,8.4468
Leon,1,8.4468
Lena Horne,1,8.4468
Lemmy,1,8.4468
Lee Scott,1,8.4468
Lee Remick,1,8.4468
Lee Majors,1,8.4468
Lawrence Gilliard Jr.,1,8.4468
Lauren German,1,8.4468
Lauren Cohan,1,8.4468
Lauren Ambrose,1,8.4468
Laura-Leigh,1,8.4468
Laura Morante,1,8.4468
Laura Fraser,1,8.4468
Lars Mikkelsen,1,8.4468
Lara Jill Miller,1,8.4468
Lane Smith,1,8.4468
Landon Liboiron,1,8.4468
Lambert Wilson,1,8.4468
Lalaine,1,8.4468
Laila Haley,1,8.4468
Kôji Yakusho,1,8.4468
Kylie Minogue,1,8.4468
Kurt Fuller,1,8.4468
Kumar Gaurav,1,8.4468
Kristy Swanson,1,8.4468
Kristin Lehman,1,8.4468
Kristen Seavey,1,8.4468
Kristen Quintrall,1,8.4468
Konstantin Lavronenko,1,8.4468
Kirk Fox,1,8.4468
Kirk Cameron,1,8.4468
Kip Pardue,1,8.4468
Kimberly Williams-Paisley,1,8.4468
Kimberly J. Brown,1,8.4468
Kimberly Elise,1,8.4468
Kim-Marie Woodhouse,1,8.4468
Kim Shaw,1,8.4468
Kim Director,1,8.4468
Kim Dickens,1,8.4468
Kevin Sussman,1,8.4468
Kevin Scott Richardson,1,8.4468
Kevin Rankin,1,8.4468
Kevin Pollak,1,8.4468
Kevin Nash,1,8.4468
Kevin Howarth,1,8.4468
Kevin Grevioux,1,8.4468
Kevin Alejandro,1,8.4468
Kerry Bishé,1,8.4468
Kenny Johnston,1,8.4468
Kenneth Tobey,1,8.4468
Ken Burns,1,8.4468
Ken Arnold,1,8.4468
Kelsey Grammer,1,8.4468
Kelly Rutherford,1,8.4468
Kelly Carlson,1,8.4468
Keir Dullea,1,8.4468
Keenan Wynn,1,8.4468
Kayvan Novak,1,8.4468
Kayla Jackson,1,8.4468
Kay Panabaker,1,8.4468
Katrina Kaif,1,8.4468
Katie Aselton,1,8.4468
Kathleen Wilhoite,1,8.4468
Kathleen Quinlan,1,8.4468
Kathleen Freeman,1,8.4468
Katherine McNamara,1,8.4468
Kate Upton,1,8.4468
Kate Maberly,1,8.4468
Kasia Smutniak,1,8.4468
Karra Elejalde,1,8.4468
Karl E. Landler,1,8.4468
Karisma Kapoor,1,8.4468
Karin Viard,1,8.4468
Karen Allen,1,8.4468
Karen Alexander,1,8.4468
Kang-ho Song,1,8.4468
Jürgen Prochnow,1,8.4468
Jørgen Langhelle,1,8.4468
Justin Kirk,1,8.4468
Justin Gordon,1,8.4468
Jung-min Hwang,1,8.4468
Juliet Stevenson,1,8.4468
Julianna Pitt,1,8.4468
Julianna Guill,1,8.4468
Julia Jentsch,1,8.4468
Judy Marte,1,8.4468
Judith O'Dea,1,8.4468
Judith Chapman,1,8.4468
Judith Anderson,1,8.4468
Judie Aronson,1,8.4468
Jossara Jinaro,1,8.4468
Josh Wingate,1,8.4468
Josh Swanson,1,8.4468
Jordi Vilasuso,1,8.4468
Jordana Spiro,1,8.4468
Jonathan D. Mellor,1,8.4468
Jonathan Brandis,1,8.4468
Jonathan Blow,1,8.4468
Jon Seda,1,8.4468
Jon Mack,1,8.4468
Jon Gries,1,8.4468
Jon Foo,1,8.4468
Jon Brion,1,8.4468
Johnny Pacar,1,8.4468
Johnny Lewis,1,8.4468
Johnny Cannizzaro,1,8.4468
John Vernon,1,8.4468
John Saxon,1,8.4468
John Savage,1,8.4468
John Robinson,1,8.4468
John Newton,1,8.4468
John Mahoney,1,8.4468
John Karyus,1,8.4468
John Kapelos,1,8.4468
John Howard,1,8.4468
John Gilbert,1,8.4468
John Gatins,1,8.4468
John Forsythe,1,8.4468
John F. Kennedy,1,8.4468
John Enos III,1,8.4468
John Doman,1,8.4468
John Doe,1,8.4468
John Cothran,1,8.4468
John Cameron Mitchell,1,8.4468
John Boyega,1,8.4468
John Beasley,1,8.4468
John August,1,8.4468
John Astin,1,8.4468
John Abraham,1,8.4468
Johannes Silberschneider,1,8.4468
Johanna Braddy,1,8.4468
Joey D. Vieira,1,8.4468
Joel Moody,1,8.4468
Joel McHale,1,8.4468
Joel David Moore,1,8.4468
Joel Courtney,1,8.4468
Joe Estevez,1,8.4468
Joe Don Baker,1,8.4468
Joe Cross,1,8.4468
Joe Cocker,1,8.4468
Joanna Kulig,1,8.4468
Joan Rivers,1,8.4468
Joan Plowright,1,8.4468
Joan Chen,1,8.4468
Jo Hartley,1,8.4468
Jizelle Jade,1,8.4468
Jimi Mistry,1,8.4468
Jim Meskimen,1,8.4468
Jim Carter,1,8.4468
Jill Hennessy,1,8.4468
Jill Clayburgh,1,8.4468
Jiao Xu,1,8.4468
Jessy Schram,1,8.4468
Jessie T. Usher,1,8.4468
Jessica Tandy,1,8.4468
Jessica Szohr,1,8.4468
Jessica Paré,1,8.4468
Jessica Barden,1,8.4468
Jess Weixler,1,8.4468
Jerry Mathers,1,8.4468
Jeremy W. Auman,1,8.4468
Jeremy Shada,1,8.4468
Jeremy Brett,1,8.4468
Jere Burns,1,8.4468
Jensen Ackles,1,8.4468
Jenny Agutter,1,8.4468
Jennifer Saunders,1,8.4468
Jennifer Lafleur,1,8.4468
Jennifer Hale,1,8.4468
Jennifer Freeman,1,8.4468
Jelena Jovanova,1,8.4468
Jeffrey Frost,1,8.4468
Jeffrey Falcon,1,8.4468
Jeffrey Combs,1,8.4468
Jeff Kober,1,8.4468
Jeff Fahey,1,8.4468
Jeff Bennett,1,8.4468
Jeanne Moreau,1,8.4468
Jean-Pierre Léaud,1,8.4468
Jean-Paul Belmondo,1,8.4468
Jean-Louis Trintignant,1,8.4468
Jean-Baptiste Maunier,1,8.4468
Jean Harlow,1,8.4468
Jean Arthur,1,8.4468
Jay Mohr,1,8.4468
Jay Laga'aia,1,8.4468
Jasper Cole,1,8.4468
Jason Robards,1,8.4468
Jason Ritter,1,8.4468
Jason Momoa,1,8.4468
Jason Marsden,1,8.4468
Jason London,1,8.4468
Jason K. Wixom,1,8.4468
Jason Alexander,1,8.4468
Janet Jackson,1,8.4468
Jane Fonda,1,8.4468
Jan Haley,1,8.4468
Jan Decleir,1,8.4468
Jamie Renée Smith,1,8.4468
Jamie Kennedy,1,8.4468
James Wolk,1,8.4468
James Wilcox,1,8.4468
James Urbaniak,1,8.4468
James Martin Kelly,1,8.4468
James Lafferty,1,8.4468
James Kyson,1,8.4468
James Hetfield,1,8.4468
James Frain,1,8.4468
James Duval,1,8.4468
James Drury,1,8.4468
James Callis,1,8.4468
James Cagney,1,8.4468
James Brown,1,8.4468
James Brolin,1,8.4468
James Babson,1,8.4468
Jamel Debbouze,1,8.4468
Jake Busey,1,8.4468
Jaime Camil,1,8.4468
Jacques Perrin,1,8.4468
Jacqueline McKenzie,1,8.4468
Jacob Vargas,1,8.4468
Jacob Tremblay,1,8.4468
Jackson Nicoll,1,8.4468
Jack Warden,1,8.4468
Jack Reynor,1,8.4468
Jack Palance,1,8.4468
Jack McGee,1,8.4468
Jack Kao,1,8.4468
Jack E. Curenton,1,8.4468
Jack Davenport,1,8.4468
Jacinda Barrett,1,8.4468
J.D. Williams,1,8.4468
J.D. Evermore,1,8.4468
Izabella Scorupco,1,8.4468
Ivana Baquero,1,8.4468
Isaiah Washington,1,8.4468
Isabelle Adjani,1,8.4468
Isaac Hayes,1,8.4468
Isaac C. Singleton Jr.,1,8.4468
Irvin Kershner,1,8.4468
Irene Bedard,1,8.4468
Ingvar Eggert Sigurðsson,1,8.4468
Ilene Graff,1,8.4468
Iko Uwais,1,8.4468
Iben Hjejle,1,8.4468
Ian Whyte,1,8.4468
Ian McNeice,1,8.4468
Ian McDiarmid,1,8.4468
Ian Gamazon,1,8.4468
Hulk Hogan,1,8.4468
Hugh Keays-Byrne,1,8.4468
Honor Blackman,1,8.4468
Honglei Sun,1,8.4468
Hiroshi Abe,1,8.4468
Hill Harper,1,8.4468
Henry Silva,1,8.4468
Heike Makatsch,1,8.4468
Hedy Lamarr,1,8.4468
Hector Echavarria,1,8.4468
Heather O'Rourke,1,8.4468
Heather Donahue,1,8.4468
Heather Berman,1,8.4468
Hattie McDaniel,1,8.4468
Harvey Fierstein,1,8.4468
Harry Styles,1,8.4468
Harry Carey Jr.,1,8.4468
Harrison Gilbertson,1,8.4468
Harold Ramis,1,8.4468
Hanno Pöschl,1,8.4468
Hanne Aagesen,1,8.4468
Haley Ramm,1,8.4468
Hal Landon Jr.,1,8.4468
Hal Holbrook,1,8.4468
Gustaf Skarsgård,1,8.4468
Gregory Scott Cummins,1,8.4468
Greg Nicotero,1,8.4468
Greg Germann,1,8.4468
Greg Crowe,1,8.4468
Greg Ayres,1,8.4468
Grace Phipps,1,8.4468
Gloria Grahame,1,8.4468
Glenn Plummer,1,8.4468
Glenn Campbell,1,8.4468
Glen Hansard,1,8.4468
Gladys Cooper,1,8.4468
Gillian White,1,8.4468
Gideon Emery,1,8.4468
Giancarlo Giannini,1,8.4468
Gerry Lopez,1,8.4468
Gerry Bednob,1,8.4468
Geraldine Chaplin,1,8.4468
Gerald McRaney,1,8.4468
George Peppard,1,8.4468
George Newbern,1,8.4468
George Coe,1,8.4468
George Carlin,1,8.4468
Geoffrey Arend,1,8.4468
Gene Tierney,1,8.4468
Gena Rowlands,1,8.4468
Gavin MacLeod,1,8.4468
Gary Weeks,1,8.4468
Gary Lewis,1,8.4468
Gaby Hoffmann,1,8.4468
Gabriel Millman,1,8.4468
G.W. Krauss,1,8.4468
French Stewart,1,8.4468
Fred Willard,1,8.4468
Fred MacMurray,1,8.4468
Françoise Yip,1,8.4468
François Bégaudeau,1,8.4468
Franky G,1,8.4468
Frankie Muniz,1,8.4468
Frank Whaley,1,8.4468
Francesca Capaldi,1,8.4468
Frances Bay,1,8.4468
Frances Bavier,1,8.4468
Fran Drescher,1,8.4468
Florian Lukas,1,8.4468
Florence Henderson,1,8.4468
Flavio Parenti,1,8.4468
Fionnula Flanagan,1,8.4468
Finn Wittrock,1,8.4468
Fernanda Andrade,1,8.4468
Fergie,1,8.4468
Fereshteh Sadre Orafaiy,1,8.4468
Fay Masterson,1,8.4468
Fanny Ardant,1,8.4468
Fann Wong,1,8.4468
Fabian Bolin,1,8.4468
Everett McGill,1,8.4468
Eva Amurri Martino,1,8.4468
Eugenio Derbez,1,8.4468
Esther Williams,1,8.4468
Essence Atkins,1,8.4468
Errol Flynn,1,8.4468
Ernie Reyes Jr.,1,8.4468
Erin Fitzgerald,1,8.4468
Erick Avari,1,8.4468
Eric Sheffer Stevens,1,8.4468
Eric Mendenhall,1,8.4468
Eric Mabius,1,8.4468
Eric Johnson,1,8.4468
Eoin Macken,1,8.4468
Emraan Hashmi,1,8.4468
Emmanuelle Seigner,1,8.4468
Emily Rios,1,8.4468
Emily Podleski,1,8.4468
Emily Osment,1,8.4468
Emilia Fox,1,8.4468
Eme Ikwuakor,1,8.4468
Embeth Davidtz,1,8.4468
Elpidia Carrillo,1,8.4468
Ellar Coltrane,1,8.4468
Elizabeth Streb,1,8.4468
Elizabeth McGovern,1,8.4468
Elizabeth Berrington,1,8.4468
Elissa Dowling,1,8.4468
Elisabeth Harnois,1,8.4468
Elina Alminas,1,8.4468
Elina Abai Kyzy,1,8.4468
Eleanor Parker,1,8.4468
Elden Henson,1,8.4468
Elaine Hendrix,1,8.4468
Edie Falco,1,8.4468
Edgar Arreola,1,8.4468
Eddie Cahill,1,8.4468
Ed Wynn,1,8.4468
Ed Speleers,1,8.4468
Ed Skrein,1,8.4468
Ed Lauter,1,8.4468
Eartha Kitt,1,8.4468
Eamonn Walker,1,8.4468
Déborah Révy,1,8.4468
Dylan Walsh,1,8.4468
Dylan Moran,1,8.4468
Dylan Authors,1,8.4468
Dyan Cannon,1,8.4468
Dustin Milligan,1,8.4468
Dustin Lance Black,1,8.4468
Dustin Ingram,1,8.4468
Dustin Fitzsimons,1,8.4468
Drew Waters,1,8.4468
Drew Powell,1,8.4468
Drew Fuller,1,8.4468
Dreama Walker,1,8.4468
Dov Tiefenbach,1,8.4468
Dougray Scott,1,8.4468
Doug E. Doug,1,8.4468
Doona Bae,1,8.4468
Donny Boaz,1,8.4468
Donna Reed,1,8.4468
Donna Murphy,1,8.4468
Dong-gun Jang,1,8.4468
Donatas Banionis,1,8.4468
Donald Glover,1,8.4468
Don Wallace,1,8.4468
Don Rickles,1,8.4468
Don McKellar,1,8.4468
Don Brooks,1,8.4468
Don Ameche,1,8.4468
Dominic Flores,1,8.4468
Divine,1,8.4468
Dick Clark,1,8.4468
Dichen Lachman,1,8.4468
Devid Striesow,1,8.4468
Derick Martini,1,8.4468
Derek Luke,1,8.4468
Denis O'Hare,1,8.4468
Deborah Mailman,1,8.4468
Debi Derryberry,1,8.4468
Debbie Reynolds,1,8.4468
Debbie Harry,1,8.4468
DeRay Davis,1,8.4468
Dax Flame,1,8.4468
David Zucker,1,8.4468
David Zayas,1,8.4468
David Wayne,1,8.4468
David Richmond-Peck,1,8.4468
David Oakes,1,8.4468
David Niven,1,8.4468
David Masterson,1,8.4468
David Margulies,1,8.4468
David Mamet,1,8.4468
David Lyons,1,8.4468
David Jason Perez,1,8.4468
David Huddleston,1,8.4468
David Gant,1,8.4468
David Conrad,1,8.4468
David Belle,1,8.4468
David Alpay,1,8.4468
Dave Legeno,1,8.4468
Darryl Hunt,1,8.4468
Darren Shahlavi,1,8.4468
Darcy Donavan,1,8.4468
Darci Kistler,1,8.4468
Danny Strong,1,8.4468
Danny Pino,1,8.4468
Danny Huston,1,8.4468
Danny Aiello,1,8.4468
Danielle Kotch,1,8.4468
Daniella Alonso,1,8.4468
Daniel von Bargen,1,8.4468
Daniel Sharman,1,8.4468
Daniel Mays,1,8.4468
Daniel London,1,8.4468
Daniel Kaluuya,1,8.4468
Daniel Baldwin,1,8.4468
Dania Ramirez,1,8.4468
Dana Delany,1,8.4468
Dana Andrews,1,8.4468
Dan Novy,1,8.4468
Dan Futterman,1,8.4468
Damon Wayans,1,8.4468
Damián Alcázar,1,8.4468
Damian Walshe-Howling,1,8.4468
Dameon Clarke,1,8.4468
Dallas Barnett,1,8.4468
D.B. Woodside,1,8.4468
Cécile De France,1,8.4468
Curtiss Cook,1,8.4468
Craig Stark,1,8.4468
Craig Parker,1,8.4468
Cory Hardrict,1,8.4468
Corinna Harney,1,8.4468
Corbin Bleu,1,8.4468
Corbin Allred,1,8.4468
Connor Paolo,1,8.4468
Connie Ray,1,8.4468
Collin Alfredo St. Dic,1,8.4468
Collette Wolfe,1,8.4468
Colleen Dewhurst,1,8.4468
Colin Ferguson,1,8.4468
Cole Hauser,1,8.4468
Clu Gulager,1,8.4468
Clive Russell,1,8.4468
Clayton Snyder,1,8.4468
Claudia Christian,1,8.4468
Claudia Cardinale,1,8.4468
Claudette Colbert,1,8.4468
Claire Gordon-Harper,1,8.4468
Christopher Nicholas Smith,1,8.4468
Christopher Masterson,1,8.4468
Christopher Judge,1,8.4468
Christopher Heyerdahl,1,8.4468
Christopher Denham,1,8.4468
Christo Jivkov,1,8.4468
Christine Taylor,1,8.4468
Christina Milian,1,8.4468
Christina Hart,1,8.4468
Christie Burke,1,8.4468
Christian Monzon,1,8.4468
Christian Keyes,1,8.4468
Christian Clemenson,1,8.4468
Chriss Anglin,1,8.4468
Chris Zylka,1,8.4468
Chris Moss,1,8.4468
Chris Marquette,1,8.4468
Chris Klein,1,8.4468
Chris Gauthier,1,8.4468
Chris Elliott,1,8.4468
Chris Eigeman,1,8.4468
Chris Brochu,1,8.4468
Cheryl Hines,1,8.4468
Chen Chang,1,8.4468
Chemeeka Walker,1,8.4468
Chelcie Ross,1,8.4468
Chelan Simmons,1,8.4468
Chase Ellison,1,8.4468
Charlyne Yi,1,8.4468
Charlie Rowe,1,8.4468
Charlie Korsmo,1,8.4468
Charles S. Dutton,1,8.4468
Charla Cochran,1,8.4468
Charis Michelsen,1,8.4468
Cem Yilmaz,1,8.4468
Celia Imrie,1,8.4468
Catriona MacColl,1,8.4468
Catherine Lough Haggquist,1,8.4468
Catherine Hicks,1,8.4468
Catherine Dyer,1,8.4468
Catherine Bell,1,8.4468
Catalina Sandino Moreno,1,8.4468
Cassie Ventura,1,8.4468
Cassandra Peterson,1,8.4468
Caroline Munro,1,8.4468
Caroline Dhavernas,1,8.4468
Carole Bouquet,1,8.4468
Carol Kane,1,8.4468
Carol Block,1,8.4468
Carol Ann Susi,1,8.4468
Carmen Perez,1,8.4468
Carmen Maura,1,8.4468
Carlos Gallardo,1,8.4468
Camren Bicondova,1,8.4468
Cameron Monaghan,1,8.4468
Cameron Bright,1,8.4468
Callie Thorne,1,8.4468
Caleb Landry Jones,1,8.4468
Caitlin Stasey,1,8.4468
Bérénice Bejo,1,8.4468
Bárbara Mori,1,8.4468
Byron Mann,1,8.4468
Buster Keaton,1,8.4468
Burt Young,1,8.4468
Burt Kwouk,1,8.4468
Burl Ives,1,8.4468
Burgess Meredith,1,8.4468
Bunta Sugawara,1,8.4468
Bruno Kirby,1,8.4468
Bruce Payne,1,8.4468
Brooke Shields,1,8.4468
Britney Spears,1,8.4468
Brigitte Helm,1,8.4468
Brigitte Bardot,1,8.4468
Bridgette Wilson-Sampras,1,8.4468
Brianna Brown,1,8.4468
Brian Thompson,1,8.4468
Brian Lee Franklin,1,8.4468
Brian Eno,1,8.4468
Brian Doyle-Murray,1,8.4468
Brian Bosworth,1,8.4468
Brian Austin Green,1,8.4468
Brendan Fehr,1,8.4468
Brendan Doogie Milewski,1,8.4468
Brenda Vaccaro,1,8.4468
Brenda Song,1,8.4468
Brenda Fricker,1,8.4468
Bradley Whitford,1,8.4468
Brad William Henke,1,8.4468
Bobby Lee,1,8.4468
Bobbie Phillips,1,8.4468
Bob Proctor,1,8.4468
Bob Newhart,1,8.4468
Bob Neill,1,8.4468
Bob Balaban,1,8.4468
Bo Huang,1,8.4468
Blanchard Ryan,1,8.4468
Blair Brown,1,8.4468
Birgitte Hjort Sørensen,1,8.4468
Billy West,1,8.4468
Billy Drago,1,8.4468
Billy Campbell,1,8.4468
Bill Maher,1,8.4468
Bill Johnson,1,8.4468
Bill Bailey,1,8.4468
Bianca Kajlich,1,8.4468
Bhole Baba,1,8.4468
Betsy Palmer,1,8.4468
Bernie Casey,1,8.4468
Bernard Fox,1,8.4468
Bernard Cribbins,1,8.4468
Bernadette Peters,1,8.4468
Benoît Magimel,1,8.4468
Benno Fürmann,1,8.4468
Benjamin A. Onyango,1,8.4468
Ben Davies,1,8.4468
Ben Browder,1,8.4468
Belén Rueda,1,8.4468
Bebe Neuwirth,1,8.4468
Beau Mirchoff,1,8.4468
Beau Bridges,1,8.4468
Barry Watson,1,8.4468
Barry Bostwick,1,8.4468
Barack Obama,1,8.4468
Bai Ling,1,8.4468
Bahare Seddiqi,1,8.4468
Ayelet Zurer,1,8.4468
Ava Gardner,1,8.4468
Austin Nichols,1,8.4468
Aunjanue Ellis,1,8.4468
Augustus Prew,1,8.4468
Asin,1,8.4468
Ashley Williams,1,8.4468
Ashley Tramonte,1,8.4468
Ashley Scott,1,8.4468
Ashley Rickards,1,8.4468
Art Hindle,1,8.4468
Armin Mueller-Stahl,1,8.4468
Arliss Howard,1,8.4468
Arjun Rampal,1,8.4468
Ari Folman,1,8.4468
Anwar Congo,1,8.4468
Anupam Kher,1,8.4468
Antony Starr,1,8.4468
Antoni Corone,1,8.4468
Anthony L. Fernandez,1,8.4468
Anthony 'Citric' Campos,1,8.4468
Annabella Sciorra,1,8.4468
Anna Gunn,1,8.4468
Ann-Margret,1,8.4468
Anita Page,1,8.4468
Anil Kapoor,1,8.4468
Anika Noni Rose,1,8.4468
Angus T. Jones,1,8.4468
Angus Scrimm,1,8.4468
Angie Dickinson,1,8.4468
Angell Conwell,1,8.4468
Angelina Armani,1,8.4468
Angeliki Papoulia,1,8.4468
Andy Dick,1,8.4468
Andrew Wilson,1,8.4468
Andrew Robinson,1,8.4468
Andrea Corr,1,8.4468
Anamaria Marinca,1,8.4468
Ana de la Reguera,1,8.4468
Amy Schumer,1,8.4468
Amir Talai,1,8.4468
Ami Ayalon,1,8.4468
America Olivo,1,8.4468
Amber Valletta,1,8.4468
Amber Stevens West,1,8.4468
Amanda Schull,1,8.4468
Amanda Detmer,1,8.4468
Alyson Stoner,1,8.4468
Alun Armstrong,1,8.4468
Alona Tal,1,8.4468
Alma Martinez,1,8.4468
Ally Walker,1,8.4468
Ally Sheedy,1,8.4468
Allison Dean,1,8.4468
Alicja Bachleda,1,8.4468
Alicia Goranson,1,8.4468
Alice Olivia Clarke,1,8.4468
Alice Greczyn,1,8.4468
Alia Shawkat,1,8.4468
Alexis Dziena,1,8.4468
Alexis Arquette,1,8.4468
Alexia Fast,1,8.4468
Alexandra Maria Lara,1,8.4468
Alex Veadov,1,8.4468
Alex Russell,1,8.4468
Alex Rocco,1,8.4468
Alex Huszar,1,8.4468
Alex Gibney,1,8.4468
Alessandro Nivola,1,8.4468
Aldis Hodge,1,8.4468
Alan Ruck,1,8.4468
Alan Brent,1,8.4468
Alain Delon,1,8.4468
Akshaye Khanna,1,8.4468
Aksel Hennie,1,8.4468
Akon,1,8.4468
Aisha Tyler,1,8.4468
Ahna O'Reilly,1,8.4468
Agnes Moorehead,1,8.4468
Adriana Caselotti,1,8.4468
Adriana Barraza,1,8.4468
Adrian Martinez,1,8.4468
Adam LeFevre,1,8.4468
Adam Arkin,1,8.4468
Abigail Spencer,1,8.4468
Aasif Mandvi,1,8.4468
Aaliyah,1,8.4468
A.J. Buckley,1,8.4468
50 Cent,1,8.4468
